nome,codigo,preço
2.1A-V8 CARREGADOR USB DE SAQUINHO,CAR-8112,"R$ 8,50"
4.8A CARREGADOR IPHONE,CAR-3173A,"R$ 11,50"
4.8A CARREGADOR V8 CABO SOLTO,CAR-3173S,"R$ 11,00"
ADAPTADOR,BTMR-6315,"R$ 15,00"
ADAPTADOR,TRA-30078,"R$ 12,00"
ADAPTADOR 3USB CAMERA LEITORA,ZJT-30100,"R$ 26,00"
ADAPTADOR ALTOMEX,AL-A155,"R$ 5,00"
ADAPTADOR AV2HDMI,ZJT-50004,"R$ 22,00"
ADAPTADOR AV2VGA,ZJT-50006,"R$ 23,00"
ADAPTADOR BLUETOOTH,KAP-T33,"R$ 4,00"
ADAPTADOR DUPLO IPH,ZJT-30060,"R$ 14,00"
ADAPTADOR HDMI2AV,ZJT-50003,"R$ 15,00"
ADAPTADOR HDMI2HDMI,ZJT-50007,"R$ 30,00"
ADAPTADOR HDMI2VGA,ZJT-50001,"R$ 15,00"
ADAPTADOR IPH,ZJT-30065,"R$ 10,00"
ADAPTADOR P2 V23,KAP-P2-V23,"R$ 4,00"
ADAPTADOR P2/Y ITEM NO,P2-1,"R$ 3,00"
ADAPTADOR PORTA RELÂMPAGO USB,ZJT-30103,"R$ 26,00"
ADAPTADOR VGA2AV,ZJT-50005,"R$ 22,00"
ADAPTADOR VGA2HDMI,ZJT-50002,"R$ 15,00"
ADPTADOR HDMI2AV,ZJT-50008,"R$ 35,00"
AIRPODS PRÓ 6,FON-10025,"R$ 50,00"
AMPLIFICADOR DE VIDEO,MAG-8757,"R$ 16,00"
AMPLIFICADOR DE VIDEO,MAG-8758,"R$ 18,00"
ANTENA DIGITAL DE TV INOVA,CBO-7028,"R$ 18,00"
ANTENA WIFI ALTOMEX,AL-C818,"R$ 9,00"
ANTENA WIFI KAPBOM 802.11N,KAP-T8188,"R$ 9,00"
APARADOR DE BOLAS DE PELO,KV-352,"R$ 25,00"
APARADOR DE PELOS,U-771,"R$ 24,00"
APARADOR DE PELOS ALTOMEX,TC-007,"R$ 13,00"
APARADOR DE PELOS DE NARIZ,LE-774,"R$ 10,00"
APARELHO DE EVAPORACAO,LE-2122,"R$ 25,00"
ARMA DE MASSAGEM,AK-735,"R$ 80,00"
BALANÇA DE BANHEIRO,KV-143,"R$ 55,00"
BALANÇA DE COZINHA,KV-145,"R$ 30,00"
BALANÇA DE COZINHA,KV-144,"R$ 23,00"
BALANÇA DIGITAL ALTOMEX SF-005,BALANÇA SF-005,"R$ 16,00"
BALANÇA DIGITAL ALTOMEX,SF-008,"R$ 17,00"
BALANÇA DIGITAL ALTOMEX,SF-002,"R$ 22,00"
BALANÇA ELÉTRICA COMPACTA,KV-146,"R$ 35,00"
BARBEADOR INOVA,KV-129,"R$ 30,00"
BARBEADOR INOVA,KV-131,"R$ 22,00"
BARBEADOR INOVA,KV-128,"R$ 35,00"
BARBEADOR INOVA,KV-135,"R$ 28,00"
BARBEADOR INOVA,BAR-N-99,"R$ 65,00"
BARBEADOR INOVA,KV-133,"R$ 20,00"
BARBEADOR INOVA,KV-132,"R$ 35,00"
BARBEADOR INOVA ,U-1233,"R$ 50,00"
BARBEADOR INOVA ,U-1271,"R$ 55,00"
BASIKE PRIME TPC 1M,CBO-7565,"R$ 5,50"
BASTÃO DE SELFIE,SEL-8548,"R$ 14,00"
BATERIA 9V,CELL-11054,"R$ 5,00"
BATERIA LR1130 CARTELA C/10,CELL-11067,"R$ 5,00"
BOMBA D'AGUA AUTOMATICA,KV-299,"R$ 16,00"
C CARREGADOR 2USB 3.1A INOVA,CAR-3175,"R$ 12,00"
C-020 SUPORTE DE CELULAR PARA MOTO ALTOMEX,C-020,"R$ 20,00"
C-137 SUPORTE DE COMPUTADOR,C-137,"R$ 20,00"
CABO,CBO-30007,"R$ 6,00"
CABO (MAÇÃ),CBO-7585,"R$ 8,00"
CABO 3.4A 1M TPC,CBO-6046,"R$ 9,00"
CABO 3.4A 1M V8,CBO-6045,"R$ 9,00"
CABO 3.4A IPH 1M,CBO-6085,"R$ 5,00"
CABO 3.4A TPC 1M,CBO-6086,"R$ 5,00"
CABO 3.4A V8 1M,CBO-6087,"R$ 4,50"
CABO 3.4A V8 2M,BA-CBO7510,"R$ 5,50"
CABO ADAPTADOR ALTOMEX 3 EM 1,AL-357,"R$ 16,00"
CABO BASIKE,BA-CBO9965,"R$ 7,00"
CABO BASIKE 1M IPH,BA-CBO9978,"R$ 6,00"
CABO BASIKE 1M T-C,BA-CBO9959,"R$ 7,00"
CABO CONVERSOR HD,KAP-V079,"R$ 11,00"
CABO DE CHUPETA AUTOMOTIVO 500AMP,LE-9014,"R$ 25,00"
CABO DE CHUPETA AUTOMOTIVO 800AMP,LE-9015,"R$ 35,00"
CABO DE FIBRA ÓTICA,CBO-7220,"R$ 6,00"
CABO DE FORÇA COM 2 PINOS,CABO DE FORÇA COM 2 PINOS,"R$ 4,00"
CABO DE IMPRESSORA,AL-C076,"R$ 5,00"
CABO DE METAL MAGNETICO 3 EM 1,CBO-5866,"R$ 13,00"
CABO HDMI 5M,CBO-7215,"R$ 18,00"
CABO IPH 1M,CBO-7566,"R$ 5,50"
CABO IPH 1M,CBO-5714,"R$ 4,20"
CABO IPH 2M,CBO-9862,"R$ 8,00"
CABO IPH 2M BASIKE PRIME,CBO-7569,"R$ 6,50"
CABO KAPBOM BLISTER VERDE V8 (C25),KAP-318-V8,"R$ 2,50"
CABO KAPBOM IPH,KA-327,"R$ 4,60"
CABO KAPBOM T-C 4.8,KA-326-TY,"R$ 5,20"
CABO KAPBOM T-C 4.8A 1M,KAP-370-TY,"R$ 4,20"
CABO KAPBOM V8 4.8A,KA-326-V8,"R$ 4,80"
CABO MAGNETICO RELOGIO E IPH,POW-20279,"R$ 22,00"
CABO MINI TUBETE V8 1M,CBO-6124,"R$ 6,00"
CABO OTG ADAPTADOR,CBO-7137,"R$ 6,50"
CABO P2 X P2,CBO-8575,"R$ 6,00"
CABO P2 X P2,CBO-7382,"R$ 3,50"
CABO T-C 1M,CBO-6007,"R$ 6,50"
CABO T-C 1M,CBO-5715,"R$ 4,20"
CABO T-C 1M (SAQUINHO),CBO-7455,"R$ 3,50"
CABO T-C 1M BASIKE,BA-CBO0046,"R$ 4,00"
CABO TC TC,CBO-5786,"R$ 7,00"
CABO TC-IPH 20W,CBO-7585,"R$ 8,00"
CABO TIPO C ALTOMEX (SOLTO),AL-7016-TY,"R$ 3,00"
CABO TPC 1M SAQUINHO,CBO-9853,"R$ 3,50"
CABO TPC 30CM,CBO-5911,"R$ 4,00"
CABO TUBETE 1M IPH,CBO-5862,"R$ 7,00"
CABO TUBETE 2M IPH,CBO-5592,"R$ 8,00"
CABO TUBETE 3M-IPHONE,CBO-20260,"R$ 12,30"
CABO TUBETE IPH,CBO-5597,"R$ 6,20"
CABO TUBETE IPH 1M,CBO-20248,"R$ 6,50"
CABO TUBETE IPH 2M,CBO-20321,"R$ 8,00"
CABO TUBETE RETO T-C,CBO-5646,"R$ 6,20"
CABO USB,BA-CBO0016,"R$ 7,00"
CABO USB 1M IPHONE,BA-CBO-7418,"R$ 4,20"
CABO USB 2M V8,CBO-5995,"R$ 7,50"
CABO USB 2M V8 INOVA,CBO-8442,"R$ 7,00"
CABO USB BASIKE PRIME TPC 2M,CBO-7568,"R$ 6,50"
CABO USB BASIKE PRIME V8 2M,CBO-7567,"R$ 6,00"
CABO USB BASIKE V8 1M,BA-CBO9976 ,"R$ 5,50"
CABO USB I6 INOVA,CBO-6012,"R$ 7,00"
CABO USB I6 INOVA,CBO-6098,"R$ 8,00"
CABO USB INOVA 2M,CBO-5996,"R$ 8,00"
CABO USB INOVA IPH 1M,CBO-6010,"R$ 6,50"
CABO USB INOVA TIPO C 1M,CBO-20290,"R$ 7,00"
CABO USB IPH,CBO-20201,"R$ 6,00"
CABO USB IPH/V8,BA-CBO9989,"R$ 7,00"
CABO USB IPHONE 1M,CBO-20291,"R$ 8,00"
CABO USB IPHONE 1M,CBO-20294,"R$ 6,00"
CABO USB MACHO/FEMEA,CBO-7609,"R$ 4,00"
CABO USB SAQUINHO TIPO C,CBO-9823,"R$ 3,50"
CABO USB T-C 1M,CBO-7424,"R$ 4,20"
CABO USB TIPO C 1M,CBO-20293,"R$ 6,00"
CABO USB TIPO C 1M INOVA,CBO-6009,"R$ 5,50"
CABO USB TIPO C 2M,CBO-6011,"R$ 7,00"
CABO USB TIPO C 2M,CBO-8408,"R$ 5,00"
CABO USB TIPO C INOVA,CBO-5737,"R$ 5,50"
CABO USB TIPO C KIVE,KV-019,"R$ 5,00"
CABO USB TIPO C/V8-1M,BA-CBO9990,"R$ 7,00"
CABO USB V8 1M,CBO-20289,"R$ 7,00"
CABO USB V8 1M,BA-CBO-7422,"R$ 4,00"
CABO USB V8 1M,CBO-6008,"R$ 5,50"
CABO USB V8 1M BASIKE,BA-CBO-7416,"R$ 4,00"
CABO USB V8 1M INOVA,CBO-6006,"R$ 4,80"
CABO USB V8 INOVA,CBO-7416,"R$ 4,00"
CABO V8 1M,CBO-5713,"R$ 4,00"
CABO V8 1M,CBO-5900 ,"R$ 4,50"
CABO V8 1M (SAQUINHO),CBO-5961,"R$ 3,00"
CABO V8 1M (SAQUINHO),CBO-9852,"R$ 3,00"
CABO V8 2M,CBO-8407,"R$ 7,00"
CABO V8 30CM,CBO-5910,"R$ 4,00"
CABO V8 BASIKE PRIME 1M,CBO-7564,"R$ 5,50"
CAIXA DE SOM BT,PEI-S502,"R$ 75,00"
CAIXA DE SOM BT,PEI-S501,"R$ 50,00"
CALCULADORA CIENTIFICA,CALC-30109,"R$ 12,00"
CALCULADORA ELETRÔNICA,CALC-7061,"R$ 15,00"
CALCULADORA ELETRÔNICA,CALC-7490,"R$ 20,00"
CALCULADORA ELETRÔNICA,CALC-7089,"R$ 7,00"
CALCULADORA ELETRÔNICA,CALC-7492,"R$ 8,00"
CALCULADORA ELETRÔNICA,CALC-7080,"R$ 13,00"
CAMERA DE SEGURANÇA,CAM-7276,"R$ 150,00"
CAMERA DE SEGURANÇA,CAM-7272,"R$ 71,00"
CAMERA DE VIGILANCIA VR CAM,KAP-V380,"R$ 60,00"
CAMERA ESPIÃ ALTOMEX A9,A9,"R$ 25,00"
CÂMERA SMART WIFI,KV-20158,"R$ 68,00"
CAMERA WIFI,KV-20156,"R$ 170,00"
CAMERA WIFI,KV-5703,"R$ 90,00"
CAMERA WIFI,KV-5702,"R$ 90,00"
CAMINHÃO CAIXA DE SOM,WS-528,"R$ 90,00"
CAMINHONETE CAIXA DE SOM,WS-538,"R$ 82,00"
CAMPAINHA SEM FIO,SD-172A,"R$ 25,00"
CAMPAINHA SEM FIO,SD-174A,"R$ 25,00"
CAMPAINHA SEM FIO:,SD-173A,"R$ 25,00"
CANECA DE CERVEJA,CUP-999,"R$ 40,00"
CANETA TOUCH A-P18,A-P18,"R$ 3,00"
CARREGADOR 12V (ADAPTADOR PARA FITA DE LED),KAP-1180,"R$ 9,00"
CARREGADOR 20W,PEI-PD001,"R$ 20,00"
CARREGADOR 20W TURBO INOVA V8,CAR-2175,"R$ 13,00"
CARREGADOR 3.1A V8,CAR-G5025,"R$ 10,00"
CARREGADOR 3.1A V8 BASIKE,BA-CAR9014 3.1A V8,"R$ 11,50"
CARREGADOR 3.1A V8 BASIKE (CS) CAR-9014,(CS) CAR-9014,"R$ 13,50"
CARREGADOR 5.1A TPC ALTOMEX,AL-9013-TY,"R$ 5,00"
CARREGADOR BASIKE,BA-CAR0045,"R$ 25,00"
CARREGADOR BASIKE,BA-CAR0047,"R$ 20,00"
CARREGADOR BASIKE 2USB V8,BA-CAR0042,"R$ 25,00"
CARREGADOR BASIKE 3.1A,BA-CAR5216 3.1A ,"R$ 9,00"
CARREGADOR BASIKE 3.1A V8,BA-CAR9012 (PROMOÇÃO),"R$ 7,50"
CARREGADOR BASIKE 3.1A V8 ,BA-CAR9013 CABO PRESO,"R$ 9,00"
CARREGADOR BASIKE 5.1A V8,BA-CAR9002,"R$ 12,50"
CARREGADOR BASIKE V8 4.8A,BACAR-9021(4.8A),"R$ 12,80"
CARREGADOR DE MI BAND,KAP-M40,"R$ 8,00"
CARREGADOR DE SAQUINHO V8,CAR-8201,"R$ 5,50"
CARREGADOR INDUÇÃO 3 IN 1,PEI-WS11,"R$ 140,00"
CARREGADOR INDUÇÃO 3 IN 1,PEI-WS09,"R$ 150,00"
CARREGADOR INDUÇÃO 5 IN 1,PEI-WS10,"R$ 140,00"
CARREGADOR INOVA 3.1A IPH,CAR-G5062A,"R$ 13,00"
CARREGADOR INOVA 3.1A V8,CAR-G5062S,"R$ 9,00"
CARREGADOR INOVA 5.1A TPC,CAR-5266C-DD,"R$ 13,50"
CARREGADOR INOVA 5.1A TPC,CAR-5221-TIPO C ,"R$ 11,00"
CARREGADOR INOVA 5.1A V8,CAR-5266S,"R$ 13,00"
CARREGADOR INOVA COMPLETO TIPOC/I6,CAR-0094-TZ,"R$ 20,00"
CARREGADOR INOVA T-C COLORIDO 3.1A,MKL/CAR-3117C,"R$ 10,50"
CARREGADOR IPH,KV-3162A-I6,"R$ 14,00"
CARREGADOR IPH 3.1A,CAR-3115A,"R$ 11,00"
CARREGADOR PARA CELULAR TIPO C 3.6A KAPBOM,KA-395-TY,"R$ 5,50"
CARREGADOR PORTATIL,POW-9857,"R$ 55,00"
CARREGADOR PORTATIL,POW-1067,"R$ 33,00"
CARREGADOR PORTÁTIL,POW-8317,"R$ 33,00"
CARREGADOR PORTÁTIL,POW-1019,"R$ 33,00"
CARREGADOR PORTÁTIL,KV-P203,"R$ 75,00"
CARREGADOR PORTÁTIL 10000MAH,POW-1068,"R$ 33,00"
CARREGADOR PORTATIL POR INDUÇÃO,CHAR-11051,"R$ 55,00"
CARREGADOR RAPIDO 30W,PEI-904,"R$ 40,00"
CARREGADOR RAPIDO 30W,PEI-902,"R$ 40,00"
CARREGADOR TIPO C 3.1A,CAR-3160C,"R$ 11,00"
CARREGADOR TIPO C 4.8A,CAR-3173C,"R$ 11,50"
CARREGADOR TURBO ALTOMEX TIPO C,AL-7081-TY,"R$ 11,00"
CARREGADOR TURBO ALTOMEX V8,AL-7081-V8,"R$ 11,00"
CARREGADOR TURBO CX VERDE TIPO C,AL-7070-TY,"R$ 12,00"
CARREGADOR TURBO CX VERMELHA TIPO C,AL-7080-TY,"R$ 12,00"
CARREGADOR TURBO CX VERMELHA V8,AL-7080-V8,"R$ 12,00"
CARREGADOR TURBO POWER 50 MOTOROLA,CAR-7774,"R$ 20,00"
CARREGADOR UNIVERSAL,CAR-Z7003,"R$ 6,00"
CARREGADOR USB BASIKE 3.1A V8,BA-CAR-9011 V8 3.1A,"R$ 9,00"
CARREGADOR USB INOVA V8 2.4A,CAR G-5087,"R$ 10,00"
CARREGADOR V8 3.1A,CAR-3160S,"R$ 10,50"
CARREGADOR V8 3.1A (COLORIDO),MKL-3160S,"R$ 10,00"
CARREGADOR V8 3.1A BLISTER E CAIXINHA,CAR-G5190S,"R$ 10,00"
CARREGADOR V8 4.1A,CAR-8237,"R$ 10,00"
CARREGADOR VEIC. T-C BASIKE,BA-CAR0049-TIPO C ,"R$ 20,00"
CARREGADOR VEICULAR 4.1A 2USB,GL-08C,"R$ 12,00"
CARREGADOR VEICULAR C/MP3 PLAYER,KA-C158,"R$ 30,00"
CARREGADOR VEICULAR V8 3.4A,CAR-8130,"R$ 12,50"
CARREGADOR VEICULAR V8 4.8A,AL-2105D,"R$ 12,00"
CARREGADOR VEICULAR:LE-525V,LE-525V,"R$ 9,00"
CARRO CAIXA DE SOM,WS-389,"R$ 115,00"
CARTÃO DE MEMORIA 16GB,TF-CARD-8572,"R$ 17,00"
CARTÃO DE MEMORIA 4GB,TF-CARD-8570,"R$ 14,00"
CARTÃO DE MEMORIA 8GB,TF-CARD-8571,"R$ 15,00"
CARTÃO DE MEMÓRIA C/ADAPTADOR MASTERDRIVE 32GB,CARD-32GB MASTERDRIVE CLASSE 10,"R$ 20,00"
CARTÃO DE MEMÓRIA MASTERDRIVE 32GB (PC) (CLASSE 20),CARTÃO DE MEMÓRIA MASTERDRIVE 32GB (PC) (CLASSE 20),"R$ 24,00"
CARTÃO DE MEMORIA MASTERDRIVE 4GB (ADAP PENDRIVE),CARTÃO DE MEMORIA MASTERDRIVE 4GB,"R$ 14,00"
CHAPINHA INOVA,REF 758,"R$ 40,00"
CHAPINHA INOVA,HW-912,"R$ 40,00"
CHAVEIRO,YSK-12133,"R$ 4,00"
CHAVEIRO,YSK-12132,"R$ 4,00"
CHAVEIRO,YSK-12135,"R$ 7,00"
CHIP CLARO,CHIP CLARO,"R$ 10,00"
CHIP TIM,CHIP TIM,"R$ 7,00"
CHIP TIM COM RECARGA,TIM + RECARGA ,"R$ 15,00"
CONTROLE (AR C. SAMSUNG),REM-8077,"R$ 10,00"
CONTROLE (AR C. SAMSUNG),REM-8076,"R$ 10,00"
CONTROLE (DVD LG),REM-8036,"R$ 3,00"
CONTROLE (DVD MUNDIAL),REM-8038,"R$ 3,00"
CONTROLE (DVD PHILCO),REM-8033,"R$ 4,00"
CONTROLE (SAMSUNG),REM-8039,"R$ 5,00"
CONTROLE (TV LCD PANASONIC),REM-8042,"R$ 5,00"
CONTROLE DE GAMER,AT-9099,"R$ 60,00"
CONTROLE DE GAMER,AT-9156,"R$ 85,00"
CONTROLE DE PLAY 2,KAP-2W,"R$ 40,00"
CONTROLE PARA TV BOX,LE-7490,"R$ 8,00"
CONTROLE PS3 INOVA,CON-204Z,"R$ 50,00"
CONTROLE REMOTO COPIADOR,KA-1168,"R$ 16,00"
CONTROLE REMOTO UNIVERSAL SAMSUNG,LE-7036,"R$ 10,00"
CONTROLE SEM FIO PRA XBOX,CON-8148,"R$ 100,00"
CONTROLE UNIVERSAL,CON-7190,"R$ 60,00"
CONTROLE VIDEO GAME,CON-203Z,"R$ 25,00"
CONVERSOR DE DVI/VGA,ZJT-20120,"R$ 15,00"
CONVERSOR DIGITAL INOVA DIG7020,DIG-7020,"R$ 85,00"
CONVERSOR HDTV/VGA,ZJT-20121,"R$ 12,00"
CONVERSOR HDTV/VGA,ZJT-20122,"R$ 14,00"
COOLER PARA CELULAR,SRQ-7518,"R$ 13,00"
CORTADOR DE CABELO,U-985,"R$ 62,00"
DVR INOVA 16 CANAIS,DVR-7282,"R$ 530,00"
ESCALA DE PESO,KV-142,"R$ 55,00"
ESPELHO LED,FAN-8517,"R$ 13,00"
EXTENSÃO 3 TOMADAS 7389,SL7103,"R$ 13,00"
EXTENSAO DE 3 TOMADAS,SL-7213,"R$ 18,00"
EXTENSÃO DE 5 TOMADAS,SL-7215,"R$ 20,00"
EXTENSÃO DE 6 TOMADAS 1.5M BASIKE PRIME,SL-7606,"R$ 26,00"
FITA DE LED KAPBOM,KAP-3528WW,"R$ 18,00"
FITA DE LED KAPBOM,KAP-3528W,"R$ 18,00"
FONE AIRPODS PRÓ SEM BORRACHA,FON-9856,"R$ 70,00"
FONE BLUETOOTH,FON-8511,"R$ 18,00"
FONE BLUETOOTH (BASIKE),FON-2307D,"R$ 27,00"
FONE BLUETOOTH BASIKE,BA-FON-2312 ,"R$ 27,00"
FONE BLUETOOTH KAPBOM,KA-989,"R$ 48,00"
FONE BLUETOOTH KAPBOM,KA-990,"R$ 40,00"
FONE C/MICROFONE,FON-10052,"R$ 3,00"
FONE C/MICROFONE DE SAQUINHO,FON-9932,"R$ 3,00"
FONE DE OUVIDO,FON-30141,"R$ 13,00"
FONE DE OUVIDO,FON-7506,"R$ 5,50"
FONE DE OUVIDO,FON-7503,"R$ 6,00"
FONE DE OUVIDO,FON-9922,"R$ 5,00"
FONE DE OUVIDO,FON-9921,"R$ 5,00"
FONE DE OUVIDO,FON-9900,"R$ 5,00"
FONE DE OUVIDO,FON-9920,"R$ 5,00"
FONE DE OUVIDO,FON-9919,"R$ 5,00"
FONE DE OUVIDO,FON-7517,"R$ 5,00"
FONE DE OUVIDO,FON-9810,"R$ 5,00"
FONE DE OUVIDO,FON-7516,"R$ 5,00"
FONE DE OUVIDO,FON-2295D,"R$ 4,00"
FONE DE OUVIDO,FON-6739,"R$ 12,00"
FONE DE OUVIDO,FON-2171,"R$ 4,50"
FONE DE OUVIDO,FON-8685,"R$ 35,00"
FONE DE OUVIDO,FON-2057D,"R$ 23,00"
FONE DE OUVIDO,FON-20390,"R$ 52,00"
FONE DE OUVIDO,FON-20387,"R$ 50,00"
FONE DE OUVIDO,FON-8611,"R$ 42,00"
FONE DE OUVIDO,PEI-P620,"R$ 80,00"
FONE DE OUVIDO,FON-8743,"R$ 40,00"
FONE DE OUVIDO,BA-FON9856,"R$ 65,00"
FONE DE OUVIDO,FON-6756,"R$ 10,00"
FONE DE OUVIDO,FON-10051,"R$ 2,20"
FONE DE OUVIDO,FON-8608,"R$ 2,20"
FONE DE OUVIDO,FON-9827,"R$ 5,00"
FONE DE OUVIDO,BA-FON6790,"R$ 55,00"
FONE DE OUVIDO,FON-7505,"R$ 6,00"
FONE DE OUVIDO,FON-8510,"R$ 18,00"
FONE DE OUVIDO,FON B-05,"R$ 25,00"
FONE DE OUVIDO,FON-30138,"R$ 13,00"
FONE DE OUVIDO,FON-30037,"R$ 13,00"
FONE DE OUVIDO,FON-10048,"R$ 2,20"
FONE DE OUVIDO,FON-2123,"R$ 15,00"
FONE DE OUVIDO,FON-9899,"R$ 5,00"
FONE DE OUVIDO,FON-7504,"R$ 5,50"
FONE DE OUVIDO,FON-30097,"R$ 32,00"
FONE DE OUVIDO,FON-7500,"R$ 7,50"
FONE DE OUVIDO,FON-6710,"R$ 30,00"
FONE DE OUVIDO,FON-30083,"R$ 14,00"
FONE DE OUVIDO,KA-716,"R$ 3,50"
FONE DE OUVIDO,FON-30082,"R$ 12,00"
FONE DE OUVIDO,FON-6751,"R$ 6,00"
FONE DE OUVIDO,FON-7502,"R$ 5,50"
FONE DE OUVIDO,FON-30040,"R$ 13,00"
FONE DE OUVIDO ALTOMEX,F-070,"R$ 3,00"
FONE DE OUVIDO BASIKE,FON-20397,"R$ 55,00"
FONE DE OUVIDO BASIKE,BA-FON6689,"R$ 100,00"
FONE DE OUVIDO BASIKE,FON-MI-9,"R$ 40,00"
FONE DE OUVIDO BLUETOOTH TWS,BA-FON6693,"R$ 50,00"
FONE DE OUVIDO C/ MICROFONE,FON-10067,"R$ 3,50"
FONE DE OUVIDO C/ MICROFONE,FON-10031,"R$ 3,00"
FONE DE OUVIDO C/ MICROFONE,FON-2061,"R$ 10,00"
FONE DE OUVIDO CRISTAL,FON-6761,"R$ 5,50"
FONE DE OUVIDO DA BASIKE,FON-6748,"R$ 10,00"
FONE DE OUVIDO DA BASIKE,BA-FON6747,"R$ 10,00"
FONE DE OUVIDO DE SAQUINHO C/ MICROFONE,FON-8605,"R$ 3,00"
FONE DE OUVIDO DE UNICÓRNIO,FON-8524,"R$ 35,00"
FONE DE OUVIDO EAR DE GATO,FON-7426,"R$ 50,00"
FONE DE OUVIDO ÉSTEREO S/FIO,FON-2165D,"R$ 27,00"
FONE DE OUVIDO INOVA,FON-12061,"R$ 65,00"
FONE DE OUVIDO INOVA,FON-11109,"R$ 46,00"
FONE DE OUVIDO INOVA,FON-6706,"R$ 5,00"
FONE DE OUVIDO INOVA,FON-8742,"R$ 13,00"
FONE DE OUVIDO INOVA,FON-7540,"R$ 13,00"
FONE DE OUVIDO KAPBOM,KA-B05,"R$ 28,00"
FONE DE OUVIDO N815,N815,"R$ 18,00"
FONE DE OUVIDO P2,FON-30038,"R$ 10,00"
FONE DE OUVIDO PARA JOGOS,FON-8730,"R$ 28,00"
FONE DE OUVIDO PARA JOGOS,FON-8639,"R$ 28,00"
FONE DE OUVIDO PARA PS4/ XONE,FON-8619,"R$ 38,00"
FONE DE OUVIDO S/ FIO,PEI-P818,"R$ 50,00"
FONE DE OUVIDO S/ FIO,PEI-DR-28,"R$ 70,00"
FONE DE OUVIDO S/ FIO,PEI-P810,"R$ 60,00"
FONE DE OUVIDO S/ FIO,PEI-P626,"R$ 70,00"
FONE DE OUVIDO S/FIO DE GATINHO BASIKE,BA-FON-9025,"R$ 30,00"
FONE DE OUVIDO TC,FON-30039,"R$ 13,00"
FONE DE OUVIDO ZIPER,FON-10050,"R$ 6,00"
FONE DE OUVIDO:,LE-2406,"R$ 65,00"
FONE EMB PRATEADA,FON-10071,"R$ 3,50"
FONE HEADSET PARA PC,FON-8679,"R$ 18,00"
FONE S/ MICROFONE,FON-10066,"R$ 2,20"
FONTE 12V ALTOMEX,AL-1037,"R$ 13,00"
FONTE 12V ALTOMEX,AL-1033,"R$ 9,00"
CAR-3117F FONTE 2 USB 3.1A,CAR-3117 FONTE - 3.1A ,"R$ 8,50"
FONTE 60W INOVA,CAR-20322,"R$ 50,00"
FONTE ALTOMEX,AL-1039,"R$ 10,00"
FONTE CHAVEADA 12V 5A,D-821,"R$ 20,00"
FONTE PARA TV BOX,KAP-1181,"R$ 9,50"
FONTE UNIVERSAL INOVA NOTEBOOK,KV-7007,"R$ 30,00"
FONTE VEICULAR CAR-2049D,CAR-2049D (FONTE),"R$ 5,80"
FONTE VEICULAR COLRIDA ALTOMEX,AL-2107D,"R$ 5,50"
G06-C 4.1A CARREGADOR VEICULAR TIPO C,G06-C,"R$ 10,00"
G06-S CARREGADOR VEICULAR 4.1A V8,G06-S,"R$ 9,50"
GAMEPAD PARA CELULAR,SRQ-7520,"R$ 16,00"
GAMEPAD PARA CELULAR,SRQ-7519,"R$ 18,00"
GARRAFA,WU-056,"R$ 24,00"
GARRAFA DE AGUA,CUP-12095,"R$ 30,00"
GARRAFA DE AGUA,CUP-12093,"R$ 30,00"
GARRAFA DE AGUA,CUP-12091,"R$ 35,00"
GARRAFA DE AGUA,CUP-12089,"R$ 20,00"
GARRAFA DE AGUA,CUP-12090,"R$ 20,00"
GARRAFA DE AGUA,WU-031,"R$ 14,00"
GARRAFA INOX,WU-011,"R$ 35,00"
GARRAFA INOX,WU-012,"R$ 30,00"
GARRAFA INOX,WU-013,"R$ 35,00"
GARRAFA INOX,WU-010,"R$ 45,00"
GARRAFA TERMICA DE AGUA:,LE-5108,"R$ 50,00"
GL18S CARREGADOR VEICULAR V8 20W+25W,GL18S,"R$ 20,00"
HUB 4 USB 2.0,HUB-AU-015,"R$ 9,00"
HUB KAPBOM 7 PORTAS USB,KA-H7U,"R$ 10,00"
HUMIDIFICADOR DE MINIBULBOS,HUMID-8531,"R$ 26,00"
HUMIDIFICADOR DE MINIBULBOS,HUMI-8542,"R$ 25,00"
JOGO DE FERRAMENTAS,AK-5306,"R$ 25,00"
KA-1092,KA-1092,"R$ 13,00"
KA-1160,KA-1160,"R$ 20,00"
SUPORTE P/ CELULAR ,KAP-C119,"R$ 20,00"
KIT DE CHAVES,JL-1162,"R$ 10,00"
KIT GAMER,KMFON-6527,"R$ 130,00"
KIT TECLADO E MOUSE,KV-8784,"R$ 52,00"
KIT VEICULAR 3.4A V8,KV-G37S,"R$ 13,00"
LAMPADA LED,KAP-1066,"R$ 25,00"
LAMPADA LED,KV-100-LD,"R$ 17,00"
LÂMPADA MUSICAL RGB,KAP-L3,"R$ 85,00"
LANTERNA KIVE,KV-2258,"R$ 15,00"
LANTERNA KIVE,KV-1012,"R$ 18,00"
LEITOR DE CÓDIGO DE BARRA,KAP-SM550,"R$ 75,00"
LUMINÁRIA BOLHA DE BOLA,KV-357,"R$ 40,00"
LUMINARIA DE MESA,LAM-8504,"R$ 50,00"
LUMINARIA DE MESA,LAN-6734,"R$ 45,00"
LUMINARIA DE MESA,LAN-6733,"R$ 40,00"
LUMINARIA DE MESA,LAN-6736,"R$ 40,00"
M3/4/5 PULSEIRA DE NYLON,M3-4-5,"R$ 7,00"
MAQUINA DE BARBEAR,HQ-209,"R$ 23,00"
MAQUINA DE BARBEAR,BL-TX001,"R$ 25,00"
MAQUINA DE BARBEAR,BAB-661,"R$ 25,00"
MAQUINA DE BARBEAR,NS-216,"R$ 20,00"
MAQUINA DE CORTAR CABELO MAQ-662 (APENAS 110V),MAQ-662,"R$ 50,00"
MAQUINA DE CORTAR CABELO,NHC-3780,"R$ 16,00"
MAQUINA PARA BARBEAR,S-262,"R$ 50,00"
MASSAGEADOR DE PÉS INOVA,KV-351,"R$ 20,00"
MASSAGEADOR DE PÉS KAPBOM,KAP-056,"R$ 20,00"
MEGAFONE KAPBOM,M1666,"R$ 70,00"
MICROFONE,LE-905,"R$ 15,00"
MICROFONE,LE-909,"R$ 110,00"
MICROFONE,LE-906,"R$ 320,00"
MINI CAIXA DE SOM ALTOMEX,AL-8923,"R$ 32,00"
MINI CAIXA DE SOM P/ PC ALTOMEX D-02A,D-02A,"R$ 17,00"
MINI CAIXA P/ PC ALTOMEX,AL-3085,"R$ 24,00"
MINI CAIXA P/ PC ALTOMEX,AL-3083,"R$ 30,00"
MINI CAIXA P/ PC ALTOMEX,AL-3091,"R$ 20,00"
MINI CAIXA P/ PC ALTOMEX,AL-3087,"R$ 28,00"
MINI CAIXA P/ PC ALTOMEX,AL-3092,"R$ 20,00"
MINI CAIXA P/ PC ALTOMEX,AL-3086,"R$ 21,00"
MINI CAIXA P/ PC ALTOMEX,AL-3093,"R$ 26,00"
MINI CAIXINHA ALTOMEX,AL-6887,"R$ 22,00"
MINI GAME C/620 JOGOS,MINI GAME C 620 JOGOS,"R$ 60,00"
MINI GAME C/660 JOGOS,MINI GAME C 660 JOGOS,"R$ 70,00"
MINI LASER DE PALCO KAPBOM,KA-1039,"R$ 55,00"
MINI LASER DE PALCO KAPBOM,KA-1038,"R$ 55,00"
MINI LIQUIDIFICADOR,KV-298,"R$ 50,00"
MINI LIQUIDIFICADOR 380ML,HM-03,"R$ 40,00"
MINI MICROFONE,MIC-7427,"R$ 40,00"
MINI PRANCHA ALISADORA,CHA-663,"R$ 13,00"
MINI PROCESSADOR DE ALIMENTOS,KV-354,"R$ 25,00"
MINI RÁDIO,RAD-6781,"R$ 25,00"
MINI RÁDIO,KV-830025,"R$ 40,00"
MINI RÁDIO RESISTENTE A AGUA,RAD-811021,"R$ 40,00"
MINI RÁDIO RESISTENTE Á AGUA,RAD-20154,"R$ 40,00"
MINI RÁDIO RESISTENTE Á AGUA,RAD-20234,"R$ 40,00"
MINI RÁDIO RESISTENTE Á AGUA,RAD-11021,"R$ 40,00"
MINI SERRA DE PODA PORTÁTIL,KA-1398,"R$ 230,00"
MINI SKATE DE DEDO,MINI SKATE DE DEDO,"R$ 3,50"
MINI SKATE DE DEDO C/LED,MINI SKATE DE DEDO C LED,"R$ 5,00"
MINI TECLADO,KEY-7383,"R$ 22,00"
MINI TECLADO COM TOUCHPAD C/ LED (TV BOX),AL-313,"R$ 20,00"
MINI TECLADO KAPBOM,KA-665,"R$ 18,00"
MINI TECLADO UNIVERSAL,KA-1999,"R$ 35,00"
MINI TRIPÉ IT.BLUE,LE-032,"R$ 8,00"
MINI VENTILADOR,FAN-6991,"R$ 12,00"
MINI VENTILADOR,FAN-8518,"R$ 16,00"
MINI VENTILADOR,FAN-8544,"R$ 12,00"
MOUSE GAMER ASTON,AB-29,"R$ 22,00"
MOUSE GAMER ASTON,AB-30,"R$ 22,00"
MOUSE INOVA S/ FIO,MOU-8609,"R$ 15,00"
MOUSE INOVA USB,MOU-6909,"R$ 8,00"
MOUSE INOVA USB,MOU-8606,"R$ 8,00"
MOUSE USB,MOU-8607,"R$ 8,00"
MOUSE USB INOVA,MOU-20055,"R$ 8,00"
MOUSE USB INOVA,MOU-20053,"R$ 8,00"
MOUSEPAD GAMEKAP1001,KAP1001,"R$ 5,00"
MOUSEPAD INOVA,MP-7433,"R$ 12,00"
PACOTE DE LIGA,KAP-02,"R$ 8,00"
PARAFUSADEIRA FURADEIRA,LE-1969,"R$ 250,00"
PENDRIVE INOVA 32GB,UP-12053,"R$ 22,00"
PENDRIVE INOVA 32GB,UP-8569,"R$ 21,00"
PENDRIVE MASTERDRIVE MINI CHAVEIRO PLATINUM 16GB (P),PENDRIVE MASTERDRIVE MINI CHAVEIRO PLATINUM 16GB (P),"R$ 18,00"
PENDRIVE MINI CHAVEIRO DE 16GB,KV-250,"R$ 18,00"
PENDRIVE MINI CHAVEIRO DE 32GB,KV-251,"R$ 22,00"
PENDRIVE MINI CHAVEIRO MASTERDRIVE 128GB CLASSE 10,PENDRIVE 128GB MASTERDRIVE,"R$ 85,00"
PENDRIVE MR DRIVE MINI CHAVEIRO PLATINUM 64GB (P),64GB PLATINUM,"R$ 30,00"
PENDRIVE MRDRIVE MINI CHAVEIRO PLATINUM 32GB (P),PENDRIVE MRDRIVE MINI CHAVEIRO PLATINUM 32GB (P),"R$ 22,00"
PILHA AA CARTELA C/4,CELL-11055,"R$ 5,00"
PILHA AA CX C/60,CELL-11050,"R$ 25,00"
PILHA AAA CARTELA C/4,CELL-11056,"R$ 5,00"
PILHA RECARREGAVÉL,CELL-12078,"R$ 20,00"
PISTOLA DE MASSAGEM,KV-350,"R$ 80,00"
PLACA PCI VIVATECH,PLACA PCI,"R$ 15,00"
PONCHETE PARA ACADEMIA KAPBOM,KAP-Y09,"R$ 22,00"
POWER BANK 10.000MAH,WUP-938,"R$ 70,00"
POWER BANK 10.000MAH,WUP-935,"R$ 75,00"
POWER BANK 10.000MAH BASIKE,BA-POW11023,"R$ 50,00"
POWER BANK 10.000MAH INDUÇÃO,WUP-377,"R$ 80,00"
POWER BANK BASIKE,POW9924,"R$ 43,00"
PROCESSADOR DE ALIMENTOS KAPBOM 250ML,KA-009,"R$ 25,00"
PULSEIRA P/ RELOGIO,M8,"R$ 5,00"
RÁDIO ALTOMEX,AL-8926,"R$ 38,00"
RÁDIO ALTOMEX,AL-8927,"R$ 32,00"
RÁDIO AUTOMOTIVO AM/FM MP3,PLAYER-5901,"R$ 85,00"
RÁDIO BASIKE,RAD-8711,"R$ 60,00"
RÁDIO BASIKE,RAD-8740,"R$ 23,00"
RÁDIO BLUETOOTH,RAD-8627,"R$ 110,00"
RÁDIO BLUETOOTH,RAD-8628,"R$ 100,00"
RÁDIO BOLINHA,RAD-11256,"R$ 25,00"
RÁDIO INOVA,RAD-B5312,"R$ 14,00"
RÁDIO INOVA,RAD-5308,"R$ 17,00"
RÁDIO INOVA,RAD-8635,"R$ 21,00"
RÁDIO INOVA,KV-11207,"R$ 35,00"
RÁDIO INOVA,KV-9887,"R$ 65,00"
RÁDIO INOVA,RAD-8621,"R$ 30,00"
RÁDIO INOVA,RAD-8630,"R$ 30,00"
RÁDIO INOVA,RAD-9023,"R$ 30,00"
RÁDIO INOVA,RAD-11008,"R$ 65,00"
RÁDIO INOVA,KV-11215,"R$ 70,00"
RÁDIO INOVA,RAD-11007,"R$ 45,00"
RÁDIO INOVA,RAD-8653,"R$ 70,00"
RÁDIO INOVA,RAD-8657,"R$ 70,00"
RÁDIO INOVA,RAD-8655,"R$ 70,00"
RÁDIO INOVA,RAD-9026,"R$ 30,00"
RÁDIO INOVA,RAD-9024,"R$ 30,00"
RÁDIO INOVA,RAD-9050,"R$ 33,00"
RÁDIO INOVA,RAD-8654,"R$ 70,00"
RÁDIO INOVA,RAD-8642,"R$ 100,00"
RÁDIO INOVA,RAD-9029,"R$ 27,00"
RÁDIO INOVA,RAD-9028,"R$ 27,00"
RÁDIO INOVA,RAD-9027,"R$ 27,00"
RÁDIO INOVA,RAD-8670,"R$ 33,00"
RÁDIO INOVA,RAD-8669,"R$ 33,00"
RÁDIO INOVA,RAD-8674,"R$ 25,00"
RÁDIO INOVA,RAD-9051,"R$ 23,00"
RÁDIO INOVA,RAD-9049,"R$ 33,00"
RÁDIO INOVA,RAD-9025,"R$ 30,00"
RÁDIO INOVA,RAD-8665,"R$ 40,00"
RÁDIO INOVA,RAD-9040,"R$ 40,00"
RÁDIO INOVA,RAD-8629,"R$ 30,00"
RÁDIO INOVA,RAD-9046,"R$ 25,00"
RÁDIO INOVA,RAD-8664,"R$ 40,00"
RÁDIO INOVA,RAD-8620,"R$ 30,00"
RÁDIO INOVA,RAD-8631,"R$ 24,00"
RÁDIO INOVA,RAD-8675,"R$ 25,00"
RÁDIO INOVA PRIME,KV-11114,"R$ 105,00"
RELOGIO DA MESA:,LE-8128,"R$ 130,00"
RELÓGIO DIGITAL DE MESA,LE-2115,"R$ 70,00"
RELOGIO SMART GS8 ULTRA,GS8 ULTRA,"R$ 120,00"
RELOGIO SMART HW8 PRO MAX,HW8 PRO MAX,"R$ 120,00"
REPETIDOR DE SINAL WIFI,ROU-6332,"R$ 60,00"
REPETIDOR WIFI,ROU-6002,"R$ 43,00"
RING LIGHT,LAM-8479,"R$ 40,00"
ROTEADOR INOVA,ROU-6011,"R$ 85,00"
SUP GAME BOX 400 IN 1,GAME BOX,"R$ 30,00"
SUPORTE,SPO-8481,"R$ 6,00"
SUPORTE BASIKE,SPO-8749,"R$ 13,00"
SUPORTE COM CARREGADOR PARA MOTO,KV-365,"R$ 25,00"
SUPORTE DE MESA PARA MICROFONE,LE-3602,"R$ 11,00"
SUPORTE DE TV 14 ATÉ 55,KV-328,"R$ 40,00"
SUPORTE INOVA,SPO-7027,"R$ 11,00"
SUPORTE INOVA P/MOTO,SPO-30056,"R$ 22,00"
SUPORTE MAGNÉTICO,KA-C013,"R$ 7,00"
SUPORTE MAGNÉTICO ALTOMEX C-131,C-131,"R$ 5,00"
SUPORTE P/ AR ALTOMEX C-116,C-116,"R$ 7,00"
SUPORTE PARA CELULAR,LE-040,"R$ 11,00"
SUPORTE PARA CELULAR,SPO-5908,"R$ 16,00"
SUPORTE PARA CELULAR,LE-019,"R$ 22,00"
SUPORTE PARA CELULAR,LE-047,"R$ 15,00"
SUPORTE PARA CELULAR ,LE-042,"R$ 15,00"
SUPORTE PARA ESPELHO RETROVISOR,C-102,"R$ 16,00"
SUPORTE REFRIGERADOR NOTEBOOK,KA-818,"R$ 12,00"
SUPORTE RETROVISOR,KA-C051,"R$ 20,00"
SUPORTE TRIPÉ 150CM,SPO-8194,"R$ 75,00"
SUPORTE UNIVERSAL,LE-065,"R$ 35,00"
SUPORTE UNIVERSAL,LE-066,"R$ 30,00"
SUPORTE UNIVERSAL :,LE-025,"R$ 20,00"
SUPORTE UNIVERSAL DE PLASTICO PARA CELULAR REF.:,LE-079,"R$ 20,00"
SUPORTE UNIVERSAL P/ TV,KV-043,"R$ 16,00"
SUPORTE UNIVERSAL PARA CELULAR :,LE-010,"R$ 20,00"
SUPORTE VEICULAR,SPO-7187,"R$ 12,00"
TECLADO DE UMA MÃO C/ LED,KEY-9968,"R$ 38,00"
TECLADO GAMER,KEY-8773,"R$ 50,00"
TECLADO GAMER,KEY-8774,"R$ 50,00"
TECLADO MULTIMIDIA,KEY-9967,"R$ 30,00"
TECLADO S/ FIO INOVA,KV-9812,"R$ 40,00"
TECLADO S/ FIO INOVA,KV-8785,"R$ 52,00"
TECLADO INOVA,KEY-9965,"R$ 30,00"
TECLADO USB,KEY-8389,"R$ 52,00"
TECLADO USB ASTON,AB-27,"R$ 35,00"
TERMÔMETRO DIGITAL,DT-8826,"R$ 130,00"
TERMÔMETRO DIGITAL,FT-3010,"R$ 130,00"
TORNOZELEIRA ALTOMEX,AL-T32,"R$ 15,00"
V8 3.1A CARREGADOR USB NO BLISTER,CAR-5245-S-BLISTER ,"R$ 11,00"
V8 CARREGADOR 2.1A,CAR-8200,"R$ 5,50"
V8 CARREGADOR 2USB INOVA,CAR-5191,"R$ 8,50"
POCHETE P/ CORRIDA KAP-Y05,KAP-Y05,"R$ 20,00"
KV-358 LUMINARIA BOLHA DE BOLA,KV-358,"R$ 45,00"
RING LIGHT LE-763,LE-763,"R$ 25,00"
WU-13688/13685 RING LIGHT PEQUENO WU-13687,WU-13687,"R$ 25,00"
WU-13688/13685 RING LIGHT C/ TRIPE WU-13689,WU-13689,"R$ 70,00"
APARELHO FACIAL DE ESPINHA AL-112,AL-112,"R$ 22,00"
FONTE X BOX 360 KAP-H300,KAP-H300,"R$ 50,00"
AB-13 -  CABO V8 1M ASTON,AB-13,"R$ 5,00"
AB-16 -  CABO V8 2M ASTON,AB-16,"R$ 6,00"
AB-17 -  CABO TIPO C 2M ASTON,AB-17,"R$ 7,00"
CABO HDMI 1M ALTOMEX  AL-HDMI-1M,AL-HDMI-1M,"R$ 5,00"
CBA-CBO0029 CABO V8 30CM,BA-CBO0029,"R$ 6,00"
BA-CBO0030 -  CABO USB BASIKE TIPO C,BA-CBO0030,"R$ 6,00"
CBO-9824 CABO USB DE SAQUINHO V8 1M,CBO-9824,"R$ 3,00"
PEI-S13C CABO USB TPC,PEI-S13C,"R$ 5,00"
CAR-3132-TC-AA CARREGADOR RÁPIDO 40W,CAR-3132C,"R$ 20,00"
CAR-3253-F 5.1A FONTE INTELIGENTE USB,CAR-3253,"R$ 11,00"
MICROFONE MULTIMIDIA MIC-8641,MIC-8641,"R$ 50,00"
KA-1396 PARAFUSADEIRA KAPBOM (AMARELA),KA-1396,"R$ 260,00"
PARAFUSADEIRA KAPBOM KA-1399,KA-1399,"R$ 230,00"
LAVADORA DE PRESSÃO KAPBOM KA-1493,KA-1493,"R$ 210,00"
LAVADORA DE PRESSÃO LE-1806,LE-1806,"R$ 230,00"
FONE DE OUVIDO EO-IG955 S8,EO-IG955,"R$ 5,50"
FON-2069D -  FONE DE OUVIDO,FON-2069D,"R$ 5,50"
FONE DE OUVIDO DA BASIKE BAFON-7573,FON-7573,"R$ 10,00"
FONE DE OUVIDO DA BASIKE BAFON-7574,FON-7574,"R$ 10,00"
FON-8509 -  FONE DE OUVIDO,FON-8509,"R$ 18,00"
RADIO ALTOMEX AL-1709T,AL-1709T,"R$ 50,00"
SUPORTE VEICULAR SPO-8682,SPO-8682,"R$ 15,00"
FITA DE LED KAPBOM KAP-5050W,KAP-5050W,"R$ 22,00"
FITA DE LED KAPBOM KAP-5050WW,KAP-5050WW,"R$ 22,00"
CONTROLE REMOTO KV-301,KV-301,"R$ 5,50"
KV-303 CONTROLE REMOTO,KV-303,"R$ 6,00"
KV-306 CONTROLE REMOTO,KV-306,"R$ 8,00"
KV-310 CONTROLE REMOTO,KV-310,"R$ 5,50"
CONTROLE REMOTO  DE SAMSUNG 4K LE-7680,LE-7680,"R$ 15,00"
CONTROLE REM-8024 (TV SHARP),REM-8024,"R$ 3,00"
CONTROLE REM-8035 (DVD SAMSUNG),REM-8035,"R$ 4,00"
CONTROLE REM-8045 (TV LG),REM-8045,"R$ 4,50"
CONTROLE REM-8067 (RECEPTOR),REM-8067,"R$ 3,00"
CONTROLE REM-8070 (PARABOLICA -  SKY),REM-8070,"R$ 4,00"
FILTRO DE LINHA ELETRO G2 3 TOMADAS,ELETRO G2 3 TOMADAS,"R$ 15,00"
FILTRO DE LINHA ELETRO G2 5 TOMADAS,ELETRO G2 5 TOMADAS,"R$ 20,00"
EXTENSÃO SL6001,SL6001,"R$ 5,00"
EXTENSÃO SL6010,SL6010,"R$ 10,00"
EXTENSÃO 4 TOMADAS 7390 SL7104,SL7104,"R$ 13,00"
CBO-7214 -  CABO HDMI 3M,CBO-7214,"R$ 16,00"
FONTE VEICULAR 20W+25W CAR-3224F,CAR-3224F,"R$ 10,00"
GL02A 3.4A I6 CARREGADOR VEICULAR,GL02A,"R$ 14,00"
GL08S CARREGADOR VEICULAR C/ CABO V8 4.1A,GL08S,"R$ 12,00"
GL18S CARREGADOR VEICULAR V8 20W+25W,GL18-S,"R$ 20,00"
CARREGADOR TURBO POWER 50 MOTORLA CAR-7774/MC-207,MC-207,"R$ 20,00"
PEI-903 CARREGADOR RAPIDO 35W,PEI-903,"R$ 50,00"
PEI-905 CARREGADOR RAPIDO 35W,PEI-905,"R$ 45,00"
PEI-907 CARREGADOR RAPIDO 65W,PEI-907,"R$ 75,00"
BA-POW9925 POWER BANK 10.000MAH BASIKE,POW9925,"R$ 58,00"
PEI-WUP-830 POWER BANK 10.000MAH,WUP-830,"R$ 85,00"
WUP-934 POWER BANK 10.000MAH,WUP-934,"R$ 80,00"
WUP-938 POWER BANK 10.000MAH,WUP-938,"R$ 70,00"
POWER BANK 10000MAH,KV-12047,"R$ 45,00"
POWER BANK 5000MAH,KV-12048,"R$ 33,00"
POWER BANK 20000MAH ,KV-911024,"R$ 95,00"
A-07 FONE DE OUVIDO C/MICROFONE,A-07,"R$ 4,00"
FON-7590 FONE DE OUVIDO TIPO C,FON-7590,"R$ 12,00"
FONE DE OUVIDO FON-30083,FON-30083,"R$ 14,00"
FON-7538-I6  FONE DE OUVIDO IPHONE,FON-7538,"R$ 14,00"
FON-10035 -  FONE DE OUVIDO,FON-10035,"R$ 3,50"
FONE DE OUVIDO FON-9918,FON-9918,"R$ 5,00"
FONE DE OUVIDO FON-7504,FON-7504,"R$ 5,50"
FON-8696 -  FONE DE OUVIDO,FON-8696,"R$ 8,50"
FONE DE OUVIDO J5 GH59/AB-047,GH59,"R$ 2,50"
FON-8695 -  FONE DE OUVIDO,FON-8695,"R$ 8,50"
FONE DE OUVIDO DA BASIKE FON-6748,FON-6748,"R$ 10,00"
FONE DE OUVIDO FON-6754,FON-6754,"R$ 10,00"
FONE DE OUVIDO DA BASIKE BAFON-6747,BA-FON6747,"R$ 10,00"
FONE DE OUVIDO DA BASIKE FON-6746,BA-FON6746,"R$ 10,00"
FON-9929 FONE DE OUVIDO,FON-9929,"R$ 3,00"
FONE DE OUVIDO KV-360,KV-360,"R$ 4,00"
FONE DE OUVIDO FON-9933,FON-9933,"R$ 3,00"
FON-8636 -  FONE DE OUVIDO C/ MICROFONE,FON-8636,"R$ 3,00"
FONE DE OUVIDO TIPO C XIAOMI,FONE DE OUVIDO TIPO C XIAOMI,"R$ 8,00"
FONE DE OUVIDO FON-2123D,FON-2123D,"R$ 15,00"
FONE DE OUVIDO FON-9828,FON-9828,"R$ 5,00"
FONE DE OUVIDO DE SAQUINHO C/ MICROFONE,KV-8605,"R$ 3,00"
ADAPTADOR AV2HDMI ZJT-50004,ZJT-50004,"R$ 22,00"
ADAPTADOR AV2VGA ZJT-50006,ZJT-50006,"R$ 23,00"
ADAPTADOR BLUETOOTH ALTOMEX AL-A230,AL-A230,"R$ 5,00"
ADAPTADOR BLUETOOTH KAP-T33,KAP-T33,"R$ 4,00"
ADAPTADOR HDMI2AV ZJT-50003,ZJT-50003,"R$ 15,00"
ADAPTADOR HDMI2HDMI ZJT-50007,ZJT-50007,"R$ 30,00"
ADAPTADOR HDMI2VGA ZJT-50001,ZJT-50001,"R$ 15,00"
ADAPTADOR P2/IPH IPH ZJT-30059,ZJT-30059,"R$ 14,00"
ADAPTADOR PORTA RELÂMPAGO USB ZJT-30103,ZJT-30103,"R$ 26,00"
BALANÇA DE PRECISÃO KV-138,KV-138,"R$ 22,00"
BALANÇA DIGITAL ALTOMEX SF-002,BALANÇA SF-002,"R$ 22,00"
BALANÇA SF-400,SF-400,"R$ 17,00"
BARBEADOR INOVA KV-134,KV-134,"R$ 28,00"
BARBEADOR INOVA KV-296,KV-296,"R$ 26,00"
BATERIA 12V CARTELA C/5 CELL-11062,Cell-11062,"R$ 9,00"
BATERIA CR2025 CARTELA C/5 CELL-11060,CR2025,"R$ 5,00"
BOMBA D'ÁGUA AUTOMÁTICA ZX-115,ZX-115,"R$ 16,00"
BOMBA D'AGUA TORNEIRA A-506A,A-506,"R$ 50,00"
FONTE CHAVEADA 12V 10A D-822,D-822,"R$ 40,00"
FONTE CHAVEADA 12V 5A D-821,D-821,"R$ 20,00"
FONTE CHAVEADA 24V 15A D-828,D-828,"R$ 75,00"
HD1X2 HDMI SPLITTER 1080P 3D,HDMI SPLITTER 1.4,"R$ 25,00"
KV-313 CONTROLE REMOTO,KV-313,"R$ 8,50"
LAMPADA LED KV-100-LD,KV-100,"R$ 17,00"
LÂMPADA MUSICAL RGB KAP-L3,KAP-L3,"R$ 85,00"
LANTERNA KV-2526,KV-2526,"R$ 12,00"
LEITOR DE CÓDIGO DE BARRA KAP-SM550,KAP-SM550,"R$ 75,00"
MAQUINA DE BARBEAR KA-3606,KA-3606,"R$ 18,00"
MAQUINA DE CORTAR CABELO KA-3603,KA-3603,"R$ 18,00"
MICROFONE COM FIO M-303,M-303,"R$ 18,00"
MICROFONE LAPELA P2 K35 30187,30187,"R$ 65,00"
MICROFONE SEM FIO M-996W,M-996W,"R$ 55,00"
MINI PRANCHA ALISADORA CHA-663,CHA-663,"R$ 13,00"
MINI SERRA DE PODA PORTÁTIL KA-1398,KA-1398,"R$ 230,00"
MULTI PROCESSADOR KA-1320,KA-1320,"R$ 55,00"
PILHA AA CX C/60 CELL-11050,CELL-11050,"R$ 25,00"
PILHA AA CX C/60 CELL-11052,CELL-11052,"R$ 30,00"
PILHA RECARREGAVÉL CELL-12078,Cell-12078,"R$ 20,00"
PISTOLA DE MASSAGEM GB-820,GB-820,"R$ 90,00"
PLACA PCI VIVATECH,PLACA PCI,"R$ 15,00"
PROTETOR ESTABILIZADOR TR LUX,ESTABILIZADOR,"R$ 90,00"
RELOGIO DIGITAL LED AL-190,AL-190,"R$ 115,00"
RELOGIO SMART W59,W59,"R$ 150,00"
RELOGIO SMART HW8 PRO MAX,HW8 PRO MAX,"R$ 120,00"
RELOGIO SMART S8 ULTRA MAX,S8 ULTRA MAX,"R$ 130,00"
RELOGIO SMART S8 ULTRA PRO,S8 ULTRA PRO,"R$ 110,00"
RELOGIO SMART S8 ULTRA PRO MAX,S8 ULTRA PRO MAX,"R$ 120,00"
TECLADO USB BRIGHT COD:0014,CÓD 0014,"R$ 24,00"
TRITURADOR ELÉTRICO KV-353,KV-353,"R$ 40,00"
ZJT-30069 ADAPTADOR OTG IPH,ZJT-30069,"R$ 10,00"
ZJT-30100 ADAPTADOR 3USB CAMERA LEITORA,ZJT-30100,"R$ 26,00"
CABO CONVERSOR HD KAP-V079,KAP-V079,"R$ 11,00"
CABO IPH 30CM CBO-5912,CBO-5912,"R$ 4,00"
CABO KAPBOM IPH KA-327-V8,KA-327-V8,"R$ 4,60"
CBO-7417 -  CABO USB V8 1M,CBO-7417,"R$ 4,00"
KV-020 CABO USB KIVE I6-1M,KV-020,"R$ 5,00"
KV-080 CABO USB KIVE V8 1M,KV-080,"R$ 5,50"
FON-10025 AIRPODS PRÓ 6,AIRPODS PRÓ 6 FON-10025,"R$ 50,00"
FONE DE OUVIDO BASIKE FON-9027,FON-9027,"R$ 35,00"
GARRAFA DE AGUA CUP-12089,CUP-12089,"R$ 20,00"
GARRAFA DE PLASTICO ,LE-MR63,"R$ 50,00"
CANETA TOUCH IPH C/BARRA 12145/A1603,A1603,"R$ 50,00"
COLA RATO CAIXA C/20 A1-002,A1-002,"R$ 30,00"
"LOUSA MAGICA 10"" SXB-12170",SXB-12170,"R$ 15,00"
"LOUSA MAGICA 8.5"" SXB-12169",SXB-12169,"R$ 10,00"
M8 GELO PULSEIRA SILICONE P/ RELOGIO,M8 GELO,"R$ 8,00"
M8 PULSEIRA P/ RELOGIO,M8,"R$ 5,00"
SUPORTE KAPBOM KA-C055,KA-C055,"R$ 14,00"
SUPORTE RETROVISOR KA-C051,KA-C051,"R$ 20,00"
TRIPÉ LELONG LE-763-1,LE-763-1,"R$ 25,00"
CBO-7028 -  ANTENA DIGITAL DE TV INOVA,CBO-7028,"R$ 18,00"
FONE DE OUVIDO DA BASIKE FON-6720,FON-6720,"R$ 50,00"
FON-6743 FONE DE OUVIDO INOVA,FON-6743,"R$ 50,00"
FON-9856-BOX  FONE AIRPODS PRÓ SEM BORRACHA,FON-9856,"R$ 70,00"
FON-20341 FONE DE OUVIDO INOVA,FON-20341,"R$ 40,00"
PEI-P811 FONE DE OUVIDO S/ FIO,PEI-P811,"R$ 60,00"
WB-028 FONE DE OUVIDO ESPORTIVO,WB-028,"R$ 55,00"
FON-20409 FONE DE OUVIDO BLUETOOTH,FON-20409,"R$ 40,00"
BA-FON-20417  FONE DE OUVIDO BLUETOOTH,FON-20417,"R$ 40,00"
FON-30177- FONE DE OUVIDO BLUETOOTH,FON-30177,"R$ 40,00"
PEI-286-1 CARREGADOR USB 6.2A V8,PEI-286-1 V8,"R$ 15,00"
PEI-901 CARREGADOR RAPIDO 20W,PEI-901,"R$ 30,00"
PEI-906 CARREGADOR RAPIDO 65W,PEI-906,"R$ 70,00"
PEI-PD101 CARREGADOR PD 20W,PEI-PD101,"R$ 25,00"
PEI-PD101-C CARREGADOR PD 20W TPC,PEI-PD101-C,"R$ 28,00"
CAMERA BABÁ ELETRÔNICA VB-601,VB-601,"R$ 320,00"
CAMERA WIFI ABQ-A1D,ABQ-A1D,"R$ 320,00"
JT-8181 CAMERA DE SEGURANCA,JT-8181,"R$ 280,00"
MINI TRIPÉ PARA CELULAR SA-18,SA-18,"R$ 6,00"
RAQUETE ELETRICA AVISION,BBSL-006A,"R$ 13,00"
CAIXA DE SOM CHARGE5 AL-G19,AL-G19,"R$ 65,00"
CHARGE5 KAPBOM (MENOR) KA-0017,KA-0017,KA-0017
PEI-S504 CAIXA DE SOM BT,PEI-S504,"R$ 120,00"
RADIO ALTOMEX A-1705T,A-1705T,"R$ 50,00"
RADIO BASIKE RAD-8712,RAD-8712,"R$ 60,00"
RÁDIO BOLINHA RAD-11254,RAD-11254,"R$ 25,00"
RÁDIO INOVA RAD-8166,RAD-8166,"R$ 80,00"
RADIO INOVA RAD-8656,RAD-8656,"R$ 70,00"
RADIO INOVA RAD-8663,RAD-8663,"R$ 40,00"
RADIO INOVA RAD-9045,RAD-9045,"R$ 30,00"
RADIO INOVA RAD-B5308,RAD-B5308,"R$ 17,00"
RADIO INOVA RAD-B5309,RAD-B5309,"R$ 17,00"
RÁDIO RETRÔ KV-11245,KV-11245,"R$ 55,00"
RÁDIO RETRÔ KV-11246,KV-11246,"R$ 55,00"
BA-CAR-9001 CARREGADOR V8  BASIKE 18W 3.0 1M,CAR-9001 (V8),"R$ 13,00"
CAR-3118-I6 CARREGADOR INOVA 3.1A IPH,CAR-3118-A I6 3.1,"R$ 11,00"
CAR-3338F FONTE 50W 2 SAÍDAS TIPO C,CAR-3338F-50W TIPO C,"R$ 20,00"
CAR-9010-4.8 TIPO C CARREGADOR INOVA BLISTER,CAR-9010-4.8A BLISTER,"R$ 11,50"
CAR-9010-4.8 V8 CARREGADOR BASIKE,CAR-9010 4.8A V8,"R$ 11,50"
CARREGADOR 3.1A IPHONE CAR-5205-I6,CAR-5205-I6,"R$ 12,50"
CARREGADOR 4.8A V8 CAR-9009,CAR-9009(V8),"R$ 11,00"
CARREGADOR INOVA BLISTER IPHONE CAR-5181-A 3.1A,CAR-5181-A-IPHONE BLISTER,"R$ 10,50"
CABO BASIKE V8 1M  BA-CBO9941,BA-CBO9941,"R$ 7,00"
CABO BASIKE V8 1M BA-CBO0020 2.4A,BA-CBO0020-V8,"R$ 7,00"
CABO T-C 1M BA-CBO0043,BA-CBO0043,"R$ 4,00"
FONE DE OUVIDO BASIK BA-FON6678,BA-FON6678,"R$ 90,00"
FONE DE OUVIDO BASIKE BA-FON6679,BA-FON6679,"R$ 85,00"
GARRAFA DE AGUA WU-033,WU-033,"R$ 25,00"
GARRAFA DE AGUA WU-036,WU-036,"R$ 30,00"
GARRAFA DE AGUA WU-037,WU-037,"R$ 30,00"
KAP-1001 -  MOUSEPAD GAME,KAP-1001,"R$ 5,00"
CABO V8 3.8A SJX-006,SJX-006,"R$ 2,00"
CABO P10/P10 CBO-7607,CBO-7607,"R$ 11,00"
CABO P10/P10 CBO-7608,CBO-7608,"R$ 13,00"
CABO USB/HDMI CBO-7606,CBO-7606,"R$ 9,00"
CABO P2 X 2RCA CBO-7598,CBO-7598,"R$ 3,00"
ANTENA DIGITAL TV KV-327,KV-327,"R$ 18,00"
BARBEADOR INOVA KV-128,KV-128,"R$ 35,00"
ANTENA  INOVA CAR-7410,CAR-7410,"R$ 7,00"
MICROFONE LAVALIER NO:759,REF-759,"R$ 6,00"
CONTROLE UNIVERSAL P/AR KV-315,KV-315,"R$ 10,00"
BARBEADOR INOVA KV-129,KV-129,"R$ 30,00"
BARBEADOR INOVA KV-133,KV-133,"R$ 20,00"
CONTROLE VIDEO GAME CON-203Z,CON-203Z,"R$ 25,00"
MAQUINA PARA BARBEAR S-262,S-262,"R$ 50,00"
KV-283 CONTROLE DE VIDEO GAME,KV-283,"R$ 25,00"
MASSAGEADOR YJ-3923,YJ-3923,"R$ 8,00"
MOUSE USB INOVA MOU-20053,MOU-20053,"R$ 8,00"
MINI LIQUIDIFICADOR ALTOMEX HM-07,HM-07,"R$ 30,00"
SUPORTE MAGNÉTICO KV-108,KV-108,"R$ 10,00"
KIT DE CHAVES JL-1162,JL-1162,"R$ 10,00"
SUPORTE P/ CELULAR KAP-C119,KAP-C119,"R$ 20,00"
QUADRO DE BASE PARA LAPTOP C-122,C-122,"R$ 18,00"
GARRAFA DE AGUA WU-082,WU-082,"R$ 20,00"
CAR G-5098S CARREGADOR 3.1A V8 INOVA,CAR-5098S-3.1A V8,"R$ 9,00"
CAR G-5087 CARREGADOR USB INOVA V8 2.4A,CAR G-5087 V8 2.4A,"R$ 10,00"
CARREGADOR INOVA BLISTER IPHONE CAR-5181-A 3.1A,CAR-5181-A-IPHONE BLISTER,"R$ 10,50"
CARREGADOR INOVA 5.1A T-C CAR-9002 BLISTER,CAR-9002 5.1A BLISTER,"R$ 12,00"
CARREGADOR 5.1A V8 CAR-9002 INOVA,CAR-9002,"R$ 11,00"
CARREGADOR 3.1A TPC INOVA CAR-G5085,CAR-G5085,"R$ 9,50"
CAIXA DE SOM KAPBOM XERTMT (MENOR) KA-0021,KA-0021,"R$ 75,00"
CAIXA DE SOM KAPBOM XERTMT (MAIOR) KA-0022,KA-0022,"R$ 130,00"
CAIXA DE SOM BLUEETOOTH HY-1031,HY-1031,"R$ 110,00"
CAIXA DE SOM BLUEETOOTH HY-1115,HY-1115,"R$ 155,00"
CAIXA DE SOM BLUEETOOTH HY-4209,HY-4209,"R$ 90,00"
CAIXA DE SOM C/ LUMINARIA KAPBOM KA-8885,KA-8885,"R$ 90,00"
CAIXA DE SOM KAPBOM KA-8960,KA-8960,"R$ 150,00"
CARTÃO DE MEMORIA 4GB AL-MO-4,AL-MO-4  SD-4G,"R$ 14,00"
PENDRIVE ALTOMEX 32GB AL-U-32,AL-U-32 PENDRIVE 32GB,"R$ 22,00"
WALKIE TALKIE BF-777S,BF-777S,"R$ 110,00"
FONE DE OUVIDO HS330,HS330,"R$ 2,50"
HUMIDIFICADOR KAPBOM KA-2307,KA-2307,"R$ 58,00"
PENDRIVE MINI CHAVEIRO DE 32GB KV-251,KV-251,"R$ 22,00"
PENDRIVE MINI CHAVEIRO DE 64GB  KV-252,KV-252,"R$ 30,00"
LAM-12180 -  LUMINARIA RGB C/CAIXA DE SOM E CARREGADOR INDUCAO INOVA,LAM-12180,"R$ 75,00"
CARTÃO DE MEMORIA 4GB TF-CARD-8570,TF-CARD-8570,"R$ 14,00"
CARTÃO DE MEMORIA 8GB TF-CARD-8571,TF-CARD-8571,"R$ 15,00"
CARTÃO DE MEMORIA 16GB TF-CARD-8572,TF-CARD-8572,"R$ 17,00"
PENDRIVE INOVA 4GB UP-8566,UP-8566,"R$ 15,00"
PENDRIVE INOVA 8GB UP-8567,UP-8567,"R$ 16,00"
PENDRIVE INOVA 32GB UP-8569,UP-8569,"R$ 21,00"
PENDRIVE INOVA 32GB UP-12053,UP-12053,"R$ 22,00"
WALKIE TALKIE UV-5R,UV-5R,"R$ 140,00"
NO:M10 FONE BLUETOOTH,M10,"R$ 35,00"
NO:M20 FONE BLUETOOTH,M20,"R$ 35,00"
NO:M27 FONE BLUETOOTH,M27,"R$ 35,00"
NO:M30 FONE BLUETOOTH,M30,"R$ 35,00"
SUPORTE UNIVERSAL LE-065,LE-065,"R$ 35,00"
SUPORTE INOVA P/MOTO SPO-30056,SPO-30056,"R$ 22,00"
A-691 CAMPANHIA,A-691,"R$ 18,00"
BOMBA DE AR SK-068,BOMBA DE AR SK-068,"R$ 230,00"
ADAPTADOR BTMR-6315,BTMR-6315,"R$ 15,00"
CONTROLE SEM FIO PRA XBOX CON-8148,CON-8148,"R$ 100,00"
CR2032 PILHA DA VINCI,CR2032,"R$ 5,00"
CONVERSOR DIGITAL INOVA DIG- 7020,DIG-7020,"R$ 85,00"
FC 530 RADIO COMUNICADOR,FC 530,"R$ 100,00"
CHAPINHA INOVA HW-912,HW-912,"R$ 40,00"
KIT TECLADO E MOUSE KEY-8388,KEY-8388,"R$ 52,00"
MINI ASPIRADOR DE PÓ LE-MR69,LE-MR69,"R$ 35,00"
MINI KEYBOARD BACKLIT C/LED,MINI KEYBOARD BACKLIT,"R$ 15,00"
RADIO AUTOMOTIVO AM/FM MP3 PLAYER-5901,PLAYER-5901,"R$ 85,00"
BATERIA P/ CONTROLE X-BOX RA-003-2,RA-003-2,"R$ 17,00"
CAMPAINHA SEM FIO: SD-172A,SD-172A,"R$ 25,00"
CAMPAINHA SEM FIO: SD-174A,SD-174A,"R$ 25,00"
CAMERA DE SEGURANÇA CAM-7271,CAM-7271,"R$ 70,00"
CAMERA DE SEGURANÇA CAM7276,CAM-7276,"R$ 150,00"
MINI CAIXA P/ PC ALTOMEX AL-3083,AL-3083,"R$ 30,00"
MINI CAIXA P/ PC ALTOMEX AL-3085,AL-3085,"R$ 24,00"
MINI CAIXA P/ PC ALTOMEX AL-3087,AL-3087,"R$ 28,00"
MINI CAIXA P/ PC ALTOMEX AL-3091,AL-3091,"R$ 20,00"
MINI CAIXA P/ PC ALTOMEX AL-3092,AL-3092,"R$ 20,00"
MINI CAIXA P/ PC ALTOMEX AL-3093,AL-3093,"R$ 26,00"
MINI CAIXA P/ PC ALTOMEX D-008,D-008,"R$ 26,00"
CAIXA DE SOM PARA PC RAD-11007,RAD-11007,"R$ 45,00"
CAIXA DE SOM PARA PC RAD-11008,RAD-11008,"R$ 65,00"
P2-00221 CABO P2/RCA,P2-00221,"R$ 3,20"
PO-1 CABO DE FORÇA,PO-1,"R$ 5,00"
SUPORTE P/ AR ALTOMEX C-116,C-116,"R$ 7,00"
SUPORTE MAGNÉTICO ALTOMEX C-131,C-131,"R$ 5,00"
FITA ADESIVA TRANSPARENTE,FITA ADESIVA TRANSPARENTE,"R$ 15,00"
FITA ADESIVA AMARELA JZ-6944,JZ-6944,"R$ 13,00"
KA-1153 GAVETA PARA HD,KA-1153,"R$ 20,00"
KA-1155 GAVETA PARA HD,KA-1155,"R$ 20,00"
"SUPORTE DE TV 14"" ATÉ 55"" KV-328",KV-328,"R$ 40,00"
"SUPORTE TV 26"" ATÉ 63"" KV-329",KV-329,"R$ 30,00"
SUPORTE PARA CELULAR SPO-5908,SPO-5908,"R$ 16,00"
SUPORTE INOVA SPO-5938,SPO-5938,"R$ 15,00"
AB-10 -  CABO V8 1M ASTON,AB-10,"R$ 4,00"
CBO-12221 CABO TC-TC INOVA,CBO-12221,"R$ 6,50"
CABO USB CBO-20110,CBO-20110,"R$ 9,00"
CABO TUBETE CBO-20258 3M-V8,CBO-20258,"R$ 11,50"
CABO TUBETE CBO-20260 3M-IPHONE,CBO-20260,"R$ 12,30"
CBO-20289 CABO USB V8 1M,CBO-20289,"R$ 7,00"
CBO-20290 CABO USB INOVA TIPO C 1M,CBO-20290,"R$ 7,00"
CABO USB IPHONE 1M CBO-20291,CBO-20291,"R$ 8,00"
CABO TC-IPH CBO-30007,CBO-30007,"R$ 6,00"
CBO-5786 CABO TC -  TC,CBO-5786,"R$ 7,00"
CBO-5864 -  CABO TUBETE 2M T-C,CBO-5864,"R$ 8,00"
CBO-5995 CABO USB 2M V8,CBO-5995,"R$ 7,50"
CBO-5996 CABO USB INOVA 2M,CBO-5996,"R$ 8,00"
CBO-6011 CABO USB TIPO C 2M,CBO-6011,"R$ 7,00"
CBO-6012 CABO USB I6 INOVA 2M,CBO-6012,"R$ 7,00"
CBO-6013 CABO USB V8 3.4A  2M,CBO-6013,"R$ 6,50"
CBO-6045 CABO 3.4A 1M V8,CBO-6045,"R$ 9,00"
CBO-6046 CABO 3.4A 1M TPC,CBO-6046,"R$ 9,00"
CBO-6047 CABO 3.4A 1M IPHONE,CBO-6047,"R$ 9,00"
CBO-6086 CABO 3.4A TPC 1M,CBO-6086,"R$ 5,00"
CBO-6098 CABO USB I6 INOVA-2M,CBO-6098,"R$ 8,00"
CBO-7137 -  CABO OTG ADAPTADOR,CBO-7137,"R$ 6,50"
CBO-7382 -  CABO P2 X P2,CBO-7382,"R$ 3,50"
BA-CBO7511 CABO 3.4A IPH 2M,BA-CBO7511,"R$ 6,00"
BA-CBO7512 CABO 3.4A TPC 2M,BA-CBO7512,"R$ 6,00"
CBO-7564 CABO V8 BASIKE PRIME  1M,CBO-7564,"R$ 5,50"
CBO-7565 BASIKE PRIME TPC 1M,CBO-7565,"R$ 5,50"
CABO V8 1M CBO-7570,CBO-7570,"R$ 5,50"
CABO TPC 1M CBO-7571,CBO-7571,"R$ 5,50"
CABO IPH 1M CBO-7572,CBO-7572,"R$ 5,50"
CBO-9822-V8 1M  CABO USB DE SAQUINHO,CBO-9822,"R$ 3,00"
CBO-9825 CABO DE SAQUINHO TIPO C 1M,CBO-9825,"R$ 3,50"
CABO IPH 2M CBO-9862,CBO-9862,"R$ 8,00"
CABO USB PARA CELULAR  V8 25W FEMI-C28,FEMI-C28,"R$ 2,00"
KA-323-V8 CABO KAPBOM V8 TURBO 1M,KA-323-V8,"R$ 5,00"
KA-326-V8 CABO KAPBOM V8 4.8A,KA-326-V8,"R$ 4,80"
CABO TUBETE 1M V8 KV-001,KV-001,"R$ 5,00"
CABO V8 1M KV-094 (SAQUINHO),KV-094,"R$ 3,00"
CABO TPC 1M KV-095 (SAQUINHO),KV-095,"R$ 3,50"
VT-505A CABO IPH 1M,VT-505A,"R$ 3,50"
VT-505M CABO V8 1M,VT-505M,"R$ 3,00"
CABO KAPBOM IPH 4.8A 1M KAP-370-I6,KAP-370-I6,"R$ 4,20"
CARREGADOR TURBO CX VERMELHA V8 AL-7080-V8,AL-7080-V8,"R$ 12,00"
CARREGADOR TURBO ALTOMEX V8 AL-7081-V8,AL-7081-V8,"R$ 11,00"
BA-CAR-9011 CARREGADOR USB BASIKE 3.1A V8,BA-CAR-9011 V8 3.1A,"R$ 9,00"
CARREGADOR VEIC. T-C BASIKE BA-CAR0049,BA-CAR0048,"R$ 17,00"
CARREGADOR VEIC. T-C BASIKE BA-CAR0049,BA-CAR0049,"R$ 20,00"
BA-CAR5216 CARREGADOR BASIKE 3.1A,BA-CAR5216 3.1A,"R$ 9,00"
BA-CAR9013-AA  CARREGADOR BASIKE 3.1A V8 CABO PRESOC/ANATEL,BA-CAR9013 CABO PRESO,"R$ 9,00"
BA-CAR9021 CARREGADOR BASIKE V8 4.8A,BACAR-9021(4.8A),"R$ 12,80"
CAR-0094-TZ CARREGADOR INOVA COMPLETO TIPOC/I6,CAR-0094-TZ,"R$ 20,00"
CAR-3115-C CARREGADOR USB 3.1A TIPO C,CAR-3115-C 3.1A,"R$ 11,00"
CAR-3117F FONTE 2 USB 3.1A,CAR-3117 FONTE - 3.1A,"R$ 8,50"
CARREGADOR INOVA  3.1A TC CAR-3118-TC,CAR-3118-TC 3.1A,"R$ 11,00"
CAR-3138-TC-AA CARREGADOR RÁPIDO 40W,CAR-3138-TC-AA 40W,"R$ 20,00"
CAR-3160C CARREGADOR TIPO C 3.1A,CAR-3160C,"R$ 11,00"
CARREGADOR IPHONE CAR-3170A 4.8A,CAR-3170A 4.8A - I6,"R$ 11,50"
CAR-3175-TIPO C CARREGADOR 2USB 3.1A INOVA,CAR-3175-TC-3.1A,"R$ 12,00"
KIT VEICULAR 20W+25W IPH CAR-3224A,CAR-3224A,"R$ 15,00"
KIT VEICULAR 20W+25W TPC CAR-3224C,CAR-3224C,"R$ 15,00"
KIT VEICULAR 20W+25W V8 CAR-3224S,CAR-3224S,"R$ 15,00"
CAR-3305A CARREGADOR 5.1A IPH INOVA,CAR-3305A,"R$ 12,00"
CAR-3305C CARREGADOR 5.1A TPC INOVA,CAR-3305C,"R$ 12,00"
CAR-3305S CARREGADOR 5.1A V8 INOVA,CAR-3305S,"R$ 12,00"
CARREGADOR KIT TC-IPH CAR-3338TZ,CAR-3338TZ,"R$ 25,00"
CARREGADOR INOVA 5.1A TPC CAR-5221,CAR-5221-TIPO C,"R$ 11,00"
CAR-5268C-DD CARREGADOR INOVA 5.1A TPC,CAR-5268C-5.1A TIPO C,"R$ 13,50"
,,
CAR-8112 2.1A-V8 CARREGADOR USB DE SAQUINHO,CAR-8112,"R$ 8,50"
CARREGADOR V8 4.1A CAR-8237,CAR-8237,"R$ 10,00"
CARREGADOR DE SAQUINHO V8 CAR-8293,CAR-8293,"R$ 5,50"
CARREGADOR 3.1A V8  BASIKE CAR-9009(BASIKE),CAR-9009(BASIKE),"R$ 9,00"
CAR-9017 CARREGADOR 3.1A T-C INOVA CABO SOLTO,CAR-9017-TIPO C 3.1 CABO SOLTO,"R$ 9,00"
CARREGADOR 3.1A T-C BASIKE CAR-9017,CAR-9017,"R$ 13,50"
CAR-G5062A-I6 CARREGADOR INOVA 3.1A IPH,CAR-G5062A-I6,"R$ 13,00"
CAR-G5062S CARREGADOR INOVA 3.1A V8,CAR-G5062S,"R$ 9,00"
POWER BANK 10.000MAH KA-918,KA-918,"R$ 60,00"
POWER BANK 10.000MAH 3 EM 1 KA-956,KA-956,"R$ 47,00"
POWER BANK 10.000MAH 4 EM 1 KA-957,KA-957,"R$ 50,00"
POWER BANK KAPBOM KA-9705,KA-9705,"R$ 50,00"
CARREGADOR IPHONE  INOVA MKL-3117A-I6 3.1A,MKL-3117A-IPH 3.1A,"R$ 10,50"
MKL-3160A CARREGADOR IPH 3.1A (COLORIDO),MKL-3160A,"R$ 10,50"
MKL-3160S CARREGADOR V8 3.1A (COLORIDO),MKL-3160S,"R$ 10,00"
MKL-CAR-3117S-V8 CARREGADOR INOVA V8 COLORIDO 3.1A,MKL-CAR-3117S-V8 3.1A,"R$ 10,00"
CARREGADOR PORTÁTIL POW-8317,POW-8317,"R$ 33,00"
CARREGADOR TURBO CX TIPO C VERMELHA Z2-LS TC - TZ,Z2-LS TIPO C - TZ,"R$ 10,00"
CARREGADOR TURBO V8  CX VERMELHA Z2-V8-TZ,Z2-V8-TZ,"R$ 10,00"
FONE DE OUVIDO DA BASIKE BAFON-6747,BA-FON6747,"R$ 10,00"
FONE DE OUVIDO ALTOMEX F-070,F-070,"R$ 3,00"
FON-10031 -  FONE DE OUVIDO C/ MICROFONE,FON-10031,"R$ 3,00"
FON-2069D -  FONE DE OUVIDO,FON-2069D,"R$ 5,50"
FONE DE OUVIDO FON-30037,FON-30037,"R$ 13,00"
FON-30038 FONE DE OUVIDO P2,FON-30038,"R$ 10,00"
FON-30039 FONE DE OUVIDO TC,FON-30039,"R$ 13,00"
FONE DE OUVIDO FON-30040,FON-30040,"R$ 13,00"
FON-6711 -  FONE DE OUVIDO,FON-6711,"R$ 8,50"
FONE DE OUVIDO FON-6739,FON-6739,"R$ 12,00"
FONE DE OUVIDO FON-6749,FON-6749,"R$ 7,50"
FONE DE OUVIDO FON-6751,FON-6751,"R$ 6,00"
FONE DE OUVIDO FON-7500,FON-7500,"R$ 7,50"
FON-8510 -  FONE DE OUVIDO,FON-8510,"R$ 18,00"
FONE CAIXA ACRILICO EJ-I5,FONECXACRILICO,"R$ 3,50"
FONE DE OUVIDO KA-716,KA-716,"R$ 3,50"
ADAPTADOR T-C/ VGA,ADAPTADOR TIPOC VGA,"R$ 45,00"
LAMPADA LED KAP-1066,KAP-1066,"R$ 25,00"
LUMINARIA DE MESA LAM-8504,LAM-8504,"R$ 50,00"
MINI MICROFONE MIC-7427,MIC-7427,"R$ 40,00"
OTG V8 ADAPT,OTG V8 ADAPT,"R$ 5,00"
ADAPTADOR P2/Y ITEM NO: P2-1,P2-1,"R$ 3,00"
MASSAGEADOR YJ-3923,YJ-3923,"R$ 8,00"
C-020 SUPORTE DE CELULAR PARA  MOTO ALTOMEX,C-020,"R$ 20,00"
C-137 SUPORTE DE COMPUTADOR,C-137,"R$ 20,00"
COPO TÉRMICO CUP-12085/CUP-888,CUP-12085,"R$ 29,00"
SUPORTE REFRIGERADOR NOTEBOOK KA-818,KA-818,"R$ 12,00"
CAIXA DE SOM KAPBOM XTREEM3 KA-0030,KA-0030,"R$ 150,00"
RADIO INOVA KV-11205,KV-11205,"R$ 30,00"
RADIO INOVA KV-11210,KV-11210,"R$ 26,00"
KV-11215 RADIO INOVA,KV-11215,"R$ 70,00"
RAD-811021 MINI RÁDIO RESISTENTE A AGUA,RAD-811021,"R$ 40,00"
MINI RADIO KV-830025,KV-830025,"R$ 40,00"
KIT VEICULAR KV-G37S 3.4A V8,KV-G37S,"R$ 13,00"
RÁDIO BOLINHA RAD-11255,RAD-11255,"R$ 25,00"
MINI RÁDIO RESISTENTE Á AGUA RAD-20234,RAD-20234,"R$ 40,00"
MINI RADIO RAD-6780,RAD-6780,"R$ 25,00"
RADIO INOVA RAD-8629,RAD-8629,"R$ 30,00"
RADIO INOVA RAD-8669,RAD-8669,"R$ 33,00"
RADIO INOVA RAD-8675,RAD-8675,"R$ 25,00"
RADIO BASIKE RAD-8740,RAD-8740,"R$ 23,00"
FONE DE OUVIDO BASIKE BA-FON6667,BA-FON6667,"R$ 110,00"
FONE DE OUVIDO BASIKE BA-FON6689,BA-FON6689,"R$ 100,00"
FON-20420 FONE DE OUVIDO INOVA,FON-20420,"R$ 100,00"
FON-2201D -  FONE DE OUVIDO BLUETOOTH,FON-2201,"R$ 30,00"
FON-2247 -  FONE DE OUVIDO,FON-2247,"R$ 38,00"
FON-2307D -  FONE BLUETOOTH (BASIKE),FON-2307D,"R$ 27,00"
FON-6702 -  FONE DE OUVIDO KIVEE,FON-6702,"R$ 27,00"
FON-7432 -  FONE DE OUVIDO,FON-7432,"R$ 28,00"
FON-7516 FONE DE OUVIDO,FON-7516,"R$ 5,00"
FON-7517 FONE DE OUVIDO,FON-7517,"R$ 5,00"
FON-8611 -  FONE DE OUVIDO,FON-8611,"R$ 42,00"
FON-8619 FONE DE OUVIDO PARA PS4/ XONE,FON-8619,"R$ 38,00"
FONE DE OUVIDO FON-9808,FON-9808,"R$ 5,00"
FONE DE OUVIDO FON-9810,FON-9810,"R$ 5,00"
FONE DE OUVIDO FON-9828,FON-9828,"R$ 5,00"
FONE DE OUVIDO FON-9899,FON-9899,"R$ 5,00"
FONE DE OUVIDO FON-9900,FON-9900,"R$ 5,00"
FONE DE OUVIDO FON-9918,FON-9918,"R$ 5,00"
FONE DE OUVIDO FON-9919,FON-9919,"R$ 5,00"
FONE DE OUVIDO FON-9920,FON-9920,"R$ 5,00"
FONE DE OUVIDO FON-9921,FON-9921,"R$ 5,00"
FON-2202D -  FONE DE OUVIDO,FON-2202D,"R$ 30,00"
KA-B05 FONE DE OUVIDO KAPBOM,KA-B05,"R$ 28,00"
FON-8778 FONE DE OUVIDO INOVA,FON-8778,"R$ 40,00"
PEI-P714 FONE DE OUVIDO S/ FIO,PEI-P714,"R$ 60,00"
PEI-P818 FONE DE OUVIDO S/ FIO,PEI-P818,"R$ 50,00"
PEI-S502 CAIXA DE SOM BT,PEI-S502,"R$ 75,00"
PEI-S505 CAIXA DE SOM BT,PEI-S505,"R$ 130,00"
RADIO INOVA RAD-1063,RAD-1063,"R$ 80,00"
RADIO INOVA RAD-8621,RAD-8621,"R$ 30,00"
RADIO INOVA RAD-8657,RAD-8657,"R$ 70,00"
RADIO INOVA RAD-8665,RAD-8665,"R$ 40,00"
RADIO INOVA RAD-9024,RAD-9024,"R$ 30,00"
ADESIVO - 666,ADESIVO,"R$ 1,00"
SUPORTE UNIVERSAL PARA CELULAR : LE-010,LE-010,"R$ 20,00"
SUPORTE UNIVERSAL LE-065,LE-065,"R$ 35,00"
LE-066 SUPORTE PARA NOTBOOK OU TABLET,LE-066,"R$ 30,00"
PEI-PD002 CARREGADOR PD 20W,PEI-PD002,"R$ 18,00"
PEI-PD101-PD CARREGADOR PD 20W IPH,PEI-PD101-PD,"R$ 30,00"
WUP-379 POWER BANK 20.000MAH,WUP-379,"R$ 110,00"
MINI CAIXA DE SOM KV-9789,KV-9789,"R$ 90,00"
CENTRAL ELETRICA PORTATIL: MAX-0550,MAX-0550,"R$ 1.250,00"
PEI-S13V CABO USB V8,PEI-S13V V8,"R$ 5,00"
FONTE CAR-375Z 2 USB,CAR-375Z,"R$ 8,00"
POWER BANK EN-070/POW-1013,POW-1013,"R$ 18,00"
KIT DE CABOS 3 EM 1 AL-0388,AL-0388,"R$ 15,00"
ADAPTADOR Y PARA CELULAR G-002,G-002 ADAPTADOR Y,"R$ 4,00"
BA-CBO-7417 -  CABO USB V8 1M,BA-CBO-7417 ,"R$ 4,00"
EXTENSÃO BARRA 10 METROS FINO 2P BRASFLEX,10 METROS FINO,"R$ 16,00"
EXTENSÃO BARRA 10 METROS GROSSO 2P+P+T BRASFLEX,10 METROS G,"R$ 32,00"
EXTENSÃO BARRA 3 METROS GROSSO 2P+P+T BRASFLEX,3 METROS G,"R$ 14,00"
EXTENSÃO BARRA 5 METROS FINO 2P BRASFLEX,5 METROS FINO,"R$ 10,00"
EXTENSÃO BARRA 5 METROS GROSSO 2P+P+T BRASFLEX,5 METROS G,"R$ 17,00"
ADAPTADOR ALTOMEX AL-A155,AL-A155,"R$ 5,00"
ANTENA WIFI ALTOMEX AL-C818,AL-C818,"R$ 9,00"
BT-3401 LUMINÁRIA SPEAKER,BT-3401,"R$ 70,00"
CAR-20378 ADAPTADOR AC/DC 5V/2A,CAR-20378,"R$ 9,00"
PILHA AA CARTELA C/4 CELL-11055,CELL-11055,"R$ 5,00"
PILHA AAA CARTELA C/4 CELL-11056,CELL-11056,"R$ 5,00"
PILHA AAA CARTELA C/4 CELL-11058,CELL-11058,"R$ 7,00"
BATERIA 12V CARTELA C/5 CELL-11063,CELL-11063,"R$ 9,00"
BATERIA LR1130 CARTELA C/10 CELL-11067,CELL-11067,"R$ 5,00"
PILHA RECARREGAVÉL CELL-12078,CELL-12078,"R$ 20,00"
PILHA INOVA CELL-12079,CELL-12079,"R$ 20,00"
CARTELA DE PILHA SUNICA CR2016,CR2016,"R$ 5,00"
FILTRO DE LINHA ELETRO G2 3 TOMADAS,ELETRO G2 3 TOMATAS,"R$ 15,00"
FILTRO DE LINHA ELETRO G2 5 TOMADAS,ELETRO G2 5 TOMADAS,"R$ 20,00"
EXTENSÃO BARRA 3 METROS FINO 2P BRASFLEX,EXTENSÃO BARRA 3,"R$ 9,00"
G11 LUMINÁRIA SPEAKER,G11,"R$ 75,00"
HM-2307 LUMINÁRIA SPEAKER,HM-2307,"R$ 80,00"
STOP WATCH CRONÔMETRO  KA-1156,KA-1156,"R$ 10,00"
CARREGADOR DE PILHA KA-1160,KA-1160,"R$ 20,00"
LE-1812 - NIVEL A LASER COM 5 LINHAS,LE-1812,"R$ 240,00"
CHAVE DE FENDA TESTE DE TENSAO LE-1948,LE-1948,"R$ 5,50"
PARAFUSADEIRA FURADEIRA BI-VOLT 12V LE-1968,LE-1968,"R$ 160,00"
LE-1991 - CAIXA DE FERRAMENTAS 12 PECAS,LE-1991,"R$ 40,00"
LE-1992 - CAIXA DE FERRAMENTAS 10 PECAS,LE-1992,"R$ 75,00"
RELÓGIO DE MESA DIGITAL LE-2138,LE-2138,"R$ 50,00"
PAQUIMETRO DIGITAL LE-6002,LE-6002,"R$ 20,00"
MÁQUINA DE BARBEAR MAQ-002,MAQ-002,"R$ 18,00"
CONTROLE REM-8027 (TV TUBO CCE),REM-8027,"R$ 3,00"
CONTROLE REM-8034 (DVD BRITANIA),REM-8034,"R$ 3,50"
CONTROLE REM-8036 (DVD LG),REM-8036,"R$ 3,00"
CONTROLE REM-8077 (AR C. SAMSUNG),REM-8077,"R$ 10,00"
REPETIDOR WIFI ROU-6002,ROU-6002,"R$ 43,00"
EXTENSÃO SL7003,SL7003,"R$ 15,00"
EXTENSÃO SL7013,SL7013,"R$ 14,00"
EXTENSÃO SL7113,SL7113,"R$ 13,00"
"LOUSA MAGICA 10"" SXB-12170",SXB-12170,"R$ 15,00"
FITA DE LED FOYU TB-0504,TB-0504,"R$ 35,00"
ADAPTADOR DUPLO IPH ZJT-30060,ZJT-30060,"R$ 14,00"
ADAPTADOR IPH ZJT-30065,ZJT-30065,"R$ 10,00"
ADAPTADOR T-C ZJT-30066,ZJT-30066,"R$ 9,00"
ADAPTADOR VGA2HDMI ZJT-50002,ZJT-50002,"R$ 15,00"
ADAPTADOR VGA2AV ZJT-50005,ZJT-50005,"R$ 22,00"
ADPTADOR HDMI2AV ZJT-50008,ZJT-50008,"R$ 35,00"
CAPA DE FONE DE OUVIDO,CAPA DE FONE DE OUVIDO,"R$ 7,00"
ARMA DE FOGO OU MASSARICO KA-1973,KA-1973,"R$ 15,00"
TRAVA DE SEGURANÇA KA-5710,KA-5710,"R$ 16,00"
TRAVA DE SEGURANÇA KA-5712,KA-5712,"R$ 22,00"
TRAVA DE SEGURANÇA KA-5713,KA-5713,"R$ 22,00"
CAPA D'AGUA KV-292,KV-292,"R$ 5,50"
LE-1816 - TESOURA INFANTIL,LE-1816,"R$ 3,50"
LE-1843 - VENTOSA DUPLA,LE-1843,"R$ 38,00"
LE-1963 - ALICATE (AMPERIMETRO DIGITAL),LE-1963,"R$ 30,00"
LE-1993 - CONJUNTO CHAVE CATRACA,LE-1993,"R$ 37,00"
LE-6102 - MUNHEQUEIRA COMPRESSAO ORTOPEDICA COM FAIXA,LE-6102,"R$ 12,00"
LE-6103 - COTOVELEIRA DE COMPRESSAO ORTOPEDICA COM FAIXA DUPLA,LE-6103,"R$ 15,00"
LE-6104 - JOELHEIRA DE COMPRESSÃO ORTOPEDICA COM FAIXA DUPLA,LE-6104,"R$ 15,00"
LE-6105 - TORNOZELEIRA DE COMPRESSÃO ORTOPEDICA COM FAIXA DUPLA,LE-6105,"R$ 12,00"
LE-6106 - MEIA DE COMPRESSÃO ORTOPEDICA,LE-6106,"R$ 17,00"
PULSEIRA 38/40/42/44MM,PULSEIRA 38,"R$ 8,00"
PULSEIRA DE SILICONE/ FECHO MAGNETICO,PULSEIRA,"R$ 15,00"
GARRAFA DE AGUA 1L WU-031,WU-031,"R$ 14,00"
WU-052 GARRAFA TERMICA,WU-052,"R$ 32,00"
WU-081 CANECA DE CERVEJA,WU-081,"R$ 20,00"
WU-083 GARRAFA TERMICA,WU-083,"R$ 38,00"
WU-089 GARRAFA TERMICA,WU-089,"R$ 32,00"
WU-096 GARRAFA TERMICA,WU-096,"R$ 38,00"
WU-103 GARRAFA TERMICA,WU-103,"R$ 38,00"
WU-111 GARRAFA TERMICA,WU-111,"R$ 36,00"
WU-114 GARRAFA TERMICA,WU-114,"R$ 38,00"
WU-115 GARRAFA TERMICA,WU-115,"R$ 25,00"
WU-124 GARRAFA TERMICA,WU-124,"R$ 22,00"
WU-136 JOGO DE FERRAMENTAS,WU-136,"R$ 20,00"
CHAVEIRO YSK-12134,YSK-12134,"R$ 7,00"
CHAVEIRO YSK-12135,YSK-12135,"R$ 7,00"
CHAVEIRO YSK-12139,YSK-12139,"R$ 6,00"
CHAVEIRO YSK-12140,YSK-12140,"R$ 6,00"
CBO-7223 - CABO DE REDE 2M,CBO-7223,"R$ 6,00"
CBO-7384 - ADAPTADOR IPH,CBO-7384,"R$ 9,00"
CABO V3 INOVA CBO-7596,CBO-7596,"R$ 4,00"
CABO PARA/PS LE-1019,LE-1019,"R$ 5,00"
CABO RJ45 5M LE-303,LE-303,"R$ 10,00"
CABO RJ45 15M LE-305,LE-305,"R$ 12,00"
CABO COM MALHA HDTV VERSION 1.4 LE-6612 1.8M,LE-6612-1.8M,"R$ 8,50"
CABO DE CARGA PARA MIBAND 5 ,LE-9021,"R$ 5,00"
LE-2561 - CARREGADOR UNIVERSAL,LE-2561,"R$ 18,00"
CARREGADOR VEICULAR:LE-525V (COM V8),LE-525V,"R$ 9,00"
MAX-0534 CARREGADOR PORTÁTIL 10.000MAH,MAX-0534,"R$ 40,00"
MAX-0536 CARREGADOR PORTÁTIL 10.000MAH,MAX-0536,"R$ 75,00"
PEI-286-2 CARREGADOR USB 6.2A IPH,PEI-286-2 IPH,"R$ 15,00"
PEI-286-3 CARREGADOR USB 6.2A TPC,PEI-286-3 TPC,"R$ 15,00"
PEI-902 CARREGADOR RAPIDO 30W,PEI-902,"R$ 40,00"
PEI-PD002-I CARREGADOR PD 20W IPH,PEI-PD002-I,"R$ 26,00"
FONE DE OUVIDO LE-2415,LE-2415,"R$ 45,00"
FONE DE OUVIDO LE-2418,LE-2418,"R$ 30,00"
FONE DE OUVIDO LE-2420,LE-2420,"R$ 30,00"
FONE DE OUVIDO LE-2432,LE-2432,"R$ 30,00"
FONE DE OUVIDO LE-2433,LE-2433,"R$ 30,00"
CAIXA DE SOM KOMBI WS-266,WS-266,"R$ 70,00"
LE-1859 - KIT PONTEIRA PROFISSIONAL ACO VANADIO 100MM,LE-1859,"R$ 14,00"
CARREGADOR TURBO CX TIPO C VERMELHA Z2-LS TC -TZ,Z2-LS TIPO C -TZ,"R$ 10,00"
FILTRO DE LINHA ELETRO G2 6 TOMADAS,G2 6 TOMADAS,"R$ 22,00"
LUMINÁRIA DE MESA LE-740,LE-740,"R$ 18,00"
LUMINÁRIA DE MESA LE-743,LE-743,"R$ 18,00"
KV-323 CONTROLE REMOTO UNIVERSAL,KV-323,"R$ 8,00"
FONE DE OUVIDO LE-2411,LE-2411,30
ARMA DE FOGO OU MASSARICO KA-1973,KA-1973,"R$ 15,00"
LE-527C - CARREGADOR VEICULAR (COM TIPO-C),LE-527C,"R$ 10,00"
LE-1958 - BOMBA DE  AR PEDAL ALTA PRESSÃO,LE-1958,"R$ 28,00"
LE-1986 - ESTILETE,LE-1986,"R$ 5,50"
KA-8689 - CAIXA DE SOM KAPBOM,KA-8689,"R$ 90,00"
KA-0033 - RADIO BOOMSBOX 3 RGB KAPBOM,KA-0033,"R$ 145,00"
KA-0011 - RADIO BOOMSBOX LED KAPBOM,KA-0011,"R$ 190,00"
KA-8282 - CAIXA DE SOM ASTRONAUTA KAPBOM,KA-8282,"R$ 52,00"
WS-590 - CARRO CAIXA DE SOM KAPBOM,WS-590,"R$ 95,00"
WS-591 - CARRO CAIXA DE SOM KAPBOM,WS-591,"R$ 65,00"
WS-599 - CARRO CAIXA DE SOM KAPBOM,WS-599,"R$ 70,00"
KA-0137 - GARRAFA TERMICA,KA-0137,"R$ 35,00"
KA-0136 - GARRAFA TERMICA,KA-0136,"R$ 30,00"
KA-1580 - GRAVADOR DE VOZ KAPBOM,KA-1580,"R$ 70,00"
KA-Z13 - AMBIENTADOR DE CARRO HELICOPTÉRO KAPBOM,KA-Z13,"R$ 55,00"
KAP-048 - MODELADOR DE CACHOS HAIR CURLER  KAPBOM,KAP-048,"R$ 68,00"
KA-3611 - MINI BARBEADOR RECARREGÁVEL KAPBOM,KA-3611,"R$ 25,00"
KA-3612 - MINI BARBEADOR RECARREGÁVEL KAPBOM,KA-3612,"R$ 25,00"
KA-7052 - RELOGIO DIGITAL LED KAPBOM,KA-7052,"R$ 35,00"
KA-7039 - RELOGIO DIGITAL LED KAPBOM,KA-7039,"R$ 40,00"
KA-2301 - UMIDIFICADOR DE AR PLANETA KAPBOM,KA-2301,"R$ 40,00"
KA-5703 - FECHADURAS PARA BICICLETAS,KA-5703,"R$ 35,00"
KA-5708 - FECHADURAS PARA BICICLETAS,KA-5708,"R$ 37,00"
KA-1885 - LUZES DE MÚSICA FUTEBOL BLUETOOTH KAPBOM,KA-1885,"R$ 55,00"
KA-1445 - MINI IMPRESSORA TERMICA,KA-1445,"R$ 110,00"
CAMPAINHA INTELIGENTE ,X9,"R$ 70,00"
KA-1556 - APRESENTADOR LASER CONTROLE REMOTO PRESENTER,KA-1556,"R$ 35,00"
CSJ-12205 BOMBA D'AGUA MINI GARRAFA,CSJ-12205,"R$ 17,00"
TYNB-12204 PAINEL SOLAR,TYNB-12204,"R$ 45,00"
CSJ-12209 BOMBA D'AGUA MINI GARRAFA,CSJ-12209,"R$ 40,00"
TYNB-12203 PAINEL SOLAR,TYNB-12203,"R$ 50,00"
JMQ-12211 PISTOLA DE MASSAGEM ,JMQ-12211,"R$ 80,00"
JMQ-12216 PISTOLA DE MASSAGEM INSTRUMENT,JMQ-12216,"R$ 80,00"
A5681 MINI STUDIO FOTOGRAFICO GRANDE,A5681 GRANDE,"R$ 120,00"
A5339 CANETA 3D 3DPEN-10,A5339,"R$ 60,00"
A5681 MINI STUDIO FOTOGRAFICO PEQUENO,A5681 PEQUENO,"R$ 75,00"
A5025 - GARRAFA PLASTICA,A5025,"R$ 15,00"
LE-2356  UMIDIFICADOR,LE-2356,"R$ 25,00"
LE-8135 RELOGIO DE MESA,LE-8135,"R$ 15,00"
LE-2127 UMIDIFICADOR,LE-2127,"R$ 25,00"
LE-2128 UMIDIFICADOR,LE-2128,"R$ 25,00"
LE-1702 DISCO DE CORTE DE TUNGSTENIO PARA MADEIRA ,LE-1702,"R$ 12,00"
LE-1709 DISCO DE CORTE DE FERRO,LE-1709,"R$ 4,00"
LE-1704 DISCO SEGMENTADO,LE-1704,"R$ 9,50"
LE-1708 DISCO DE CORTE DE FERRO,LE-1708,"R$ 3,00"
LE-1701 DISCO DE CORTE DE TUNGSTENIO PARA MADEIRA ,LE-1701,"R$ 11,00"
LE-1705 DISCO TURBO,LE-1705,"R$ 11,00"
LE-1710 DISCO DE CORTE DE FERRO,LE-1710,"R$ 5,00"
LE-1707 DISCO DE CORTE DE FERRO,LE-1707,"R$ 2,50"
LE-1706 DISCO TURBO,LE-1706,"R$ 12,00"
LE-1804 MINI MOTOSSERA PORTATIL A BATERIA 6 POLEGADAS,LE-1804,"R$ 180,00"
LE-1703 DISCO SEGMENTADO,LE-1703,"R$ 8,50"
,,
MOUSE INOVA MOU-11180,MOU-11180,"R$ 7,50"
MOUSE INOVA MOU-11177,MOU-11177,"R$ 8,00"
A1300 - UMIDIFICADOR DE AR,A1300,"R$ 52,00"
RADIO FM INOVA KV-8195 C/ CABO DE FORÇA,KV-8195,"R$ 57,00"
"A0686 - LOUSA MAGICA 8,5",A0686,"R$ 13,00"
A6589 - GARRAFA D'AGUA,A6589,"R$ 32,00"